choice_id,qest_id,answer
J2M3RP18,3,a
5LCF8333,3,b
I9XJ582B,3,c
H19RE3RP,3,d
II0OMZI8,8,a
780R8B7E,8,b
Q8U9CE4D,8,c
GANFVR01,8,d
VAKPAFLA,9,a
6YRTLIRM,9,b
9YK5XX9W,9,c
QKK406QI,9,d
WZ8UKYVG,12,a
1XGTO575,12,b
HXDGOD7J,12,c
NRDK28O1,12,d
HDWE3X7Y,13,a
17ZNBVC0,13,b
PYQU36VO,13,c
AVWVKG8F,13,d
70D4ADXG,16,a
ADEPS8Z1,16,b
3E695SCS,16,c
XBVSUEH0,16,d
373BIHTQ,19,a
4SGIQMO0,19,b
8KWO9GP9,19,c
BJUTVFED,19,d
15UNZV5H,25,a
11QCINNE,25,b
ONBQ3VH7,25,c
RG4CMJAB,25,d
F9U7LGTF,26,a
ZKIQ6RDF,26,b
SV7BWGNH,26,c
TT55Q5QI,26,d
OWM8HU4W,30,a
9PEJC5W1,30,b
TF6M8QWS,30,c
MXOVLHJT,30,d
6F6NCZR3,31,a
R9WKYLF8,31,b
3PYPS88W,31,c
CZW32E1I,31,d
ZKA15ZZC,32,a
9YHDO5HK,32,b
D79OMPIY,32,c
YDIZI6M6,32,d
KBGZHC54,33,a
LA4U4DYP,33,b
VGHWMLU8,33,c
MD40IRGO,33,d
L7HC6B3B,39,a
W3RT19A5,39,b
ASN3NU1W,39,c
MATF7Q66,39,d
YJISO5GG,42,a
BWTQ8WWY,42,b
X0PV8S9M,42,c
32EYIIG7,42,d
LQNU97G3,45,a
ZGAR2ECJ,45,b
D1JVZK3R,45,c
327B2GQQ,45,d
3HN589UK,48,a
HK9DFK51,48,b
OZQD9Y1X,48,c
07T8E9AU,48,d
YXLY7XNW,50,a
KHTRQ6GH,50,b
1WQ5DXLQ,50,c
VEIKPQ8X,50,d
8VTUSWJR,56,a
HDDP42YK,56,b
WAD24VQL,56,c
U2175X6B,56,d
ZX2PV3D0,57,a
KFL86SWU,57,b
WGR5NEW5,57,c
0AX24G8E,57,d
VYM1BXOU,58,a
1A37CYOF,58,b
U2OEYYFX,58,c
9UUDP5V0,58,d
NPR8510W,61,a
CTJFOKLR,61,b
K9SK376R,61,c
DGI8MR9K,61,d
ILE1YIFK,62,a
A1GFVAUB,62,b
UEWLABJX,62,c
YUZZOEFP,62,d
TSYAHAJP,66,a
KU628JUQ,66,b
RXUZ2UFN,66,c
KEN90E40,66,d
DNK2UR2T,71,a
UEOF83GR,71,b
BJ92TYMT,71,c
L4JJDOH0,71,d
U6XVIOG9,73,a
P9QHLMCX,73,b
B3XKA2NX,73,c
9SAH7HX1,73,d
A27363HE,76,a
IHWWBCKD,76,b
5KL4Y8J0,76,c
EIDVV8DO,76,d
A6UWNYK2,79,a
27LC3Z4G,79,b
6O7Y97TG,79,c
69QNZ8XF,79,d
YKDOFBJP,80,a
TWVQIJ2T,80,b
DT20LPRW,80,c
WDKRZKDW,80,d
6YVPXR8T,84,a
WHK9GRMS,84,b
WMGSIIXP,84,c
8N3RD1Q6,84,d
LJSGL005,85,a
SQPJFTJM,85,b
1AD2QJ1W,85,c
BRWSNP9K,85,d
H2IOBLOX,89,a
Q9SAIX2Y,89,b
J21TLLZL,89,c
8INJIRUV,89,d
WBCCPQ39,92,a
1SFGRLFH,92,b
4C15OUS1,92,c
2RNI5QPI,92,d
8DNQL89F,94,a
60A9XBLM,94,b
KUHDGFL4,94,c
TWEDWQWV,94,d
BVFKSPYS,106,a
B1LQ8SIO,106,b
QLYYG4JG,106,c
90T9FONR,106,d
ZBWICSSQ,107,a
7FWLLVZQ,107,b
9YHCD8RS,107,c
LRDMS703,107,d
VGB28JEU,109,a
UK6N6AKH,109,b
66AFSEXC,109,c
7PUC6R6L,109,d
XQSGJ9IS,110,a
I3WGYA8C,110,b
Z6O7UC15,110,c
ISOCKY8M,110,d
OOFGIQDV,111,a
O5CFU1YI,111,b
FN3FPQA4,111,c
PKFNQDRJ,111,d
OP4K5EZE,113,a
E0P4QLEF,113,b
5SSNNEDA,113,c
PHS45Y6Z,113,d
L5UP5YL3,114,a
WV0PNN1G,114,b
FNMR1RHZ,114,c
HPSLD4JH,114,d
43V57JO0,116,a
SWIYACK9,116,b
OMHDNSQ3,116,c
P8UMVR22,116,d
KWVKOS30,118,a
UBT6QYVZ,118,b
W5FMHMUM,118,c
KJ1MEB7B,118,d
NK8JORHP,123,a
BTLO30Z5,123,b
L3XRHJ58,123,c
7OHGCO83,123,d
YML81UZ5,124,a
IDM2PHHL,124,b
6YNOFTMM,124,c
6IPHYQBV,124,d
WQ7D2BC4,126,a
2HM4MDZX,126,b
F8Z0O83N,126,c
RM3E0AUN,126,d
R3S80M38,127,a
9499IOCY,127,b
6R43N3MQ,127,c
SD8UHFGY,127,d
911GXZ4W,133,a
DLJ9SO7J,133,b
WX3SDJPD,133,c
Y7GBEAE4,133,d
1IJPGC6S,137,a
M4WCO6F6,137,b
S74T5OVN,137,c
Z5B3NBJL,137,d
UEOVXQGT,144,a
ZXGN4H5E,144,b
JHAGM1QU,144,c
POJH8XWI,144,d
DIC7Q0D9,151,a
LCSR5FRX,151,b
DO3DSB72,151,c
BL5UDKKO,151,d
HFUDFZ8S,160,a
SEBH29HZ,160,b
DMOJA8KZ,160,c
UTX5E8VC,160,d
IB32AVKY,163,a
BT0FLBVF,163,b
3BXWPNAZ,163,c
UN8PDYXX,163,d
M64NSCCM,165,a
Q2IX3RO2,165,b
484WWYU6,165,c
Z9XIEHK5,165,d
4NC0R2NG,175,a
BF566BLS,175,b
Z4DKXNQC,175,c
HU7FS0WV,175,d
T226R9L3,188,a
L9JLKXYS,188,b
KHIB057R,188,c
6YNFF12P,188,d
N5WS17WC,191,a
6KBLIF6M,191,b
L6S67K2D,191,c
9YZQBJ4D,191,d
W7QBU75F,193,a
GAABB2KV,193,b
7XA9V73H,193,c
MZM74087,193,d
QHAGP8Q3,195,a
IBMHBVJJ,195,b
S6C727UT,195,c
1KRCN67G,195,d
5Q8YWBO6,197,a
M0U9Q5Y1,197,b
31M2BVRA,197,c
O9EDGP7E,197,d
NEVDSCR4,199,a
RLGMAN13,199,b
RQBYNBFT,199,c
0RBENES4,199,d
FXYATEYO,200,a
47PY6SGL,200,b
L26EMHCE,200,c
N8NL8M5Y,200,d
INCA2ADQ,201,a
ABJGV425,201,b
B7CUL1ZN,201,c
F0I5ZT9P,201,d
Y00QDV0M,202,a
097H2HNO,202,b
9J7KHKJL,202,c
3RSSC3MK,202,d
F3XPDM0C,210,a
7QKC6PL2,210,b
2LCZGCQO,210,c
CVD59MMC,210,d
AU4EFVMX,211,a
FBY23DIB,211,b
DK4QT6T2,211,c
Y4WFL1OB,211,d
PV0ALPR0,212,a
FF80N0LH,212,b
I1ASID3T,212,c
UWLBUCOC,212,d
886ZJF5T,217,a
4ODUQJJS,217,b
43I20Y4B,217,c
4EOPM31J,217,d
CJAOW981,219,a
3PSDCX98,219,b
IK1JAGF9,219,c
ZEK5JHUX,219,d
RZSJGUGI,221,a
337J8CG6,221,b
YI25K4Z8,221,c
V2IHJ4VO,221,d
D9FG15T6,226,a
7Y80J8UX,226,b
O7CXM48A,226,c
JQJSYLLC,226,d
22LOCB8A,227,a
GE2T5BEN,227,b
9JPLBACI,227,c
YJFFA56J,227,d
ZOYDNFEL,229,a
M0IEPJXB,229,b
V2BAWBFE,229,c
WAFNPJIY,229,d
2Y10JMQ9,230,a
71XX3LHW,230,b
QOLYW4LN,230,c
ZM0WIO3N,230,d
OSDGQR6E,231,a
HGC69SHX,231,b
BTHBN0O4,231,c
KKQXCLWG,231,d
DWRFHJUV,232,a
FDY5JF93,232,b
PHBXHHPL,232,c
6BA3GON2,232,d
WMLOBUNJ,233,a
TET0TRYG,233,b
DNFR9C80,233,c
5MZH17BQ,233,d
GS9G969G,234,a
Y382TYA4,234,b
REH866FP,234,c
A3KONU9M,234,d
WVMHYFJ5,236,a
2OA0I5YA,236,b
HRZ8TQ53,236,c
RY6SBXGM,236,d
V09W839X,241,a
YXIYQDR5,241,b
XHT6Y6RR,241,c
HQM2N0A3,241,d
EWGB46U1,243,a
JALGRVEI,243,b
0XYCTLOP,243,c
6DUL8Q1R,243,d
0XWMSYT3,245,a
2EUUZNCF,245,b
WN7D79Y3,245,c
8G5SB90C,245,d
IDA1SIK9,246,a
HGFHCXEB,246,b
ZOTX5UUT,246,c
RDQN2LOH,246,d
LAG1Q1N1,247,a
VHZFG1HB,247,b
S8FOZU8A,247,c
EXH0WLTE,247,d
HJOXJBUA,248,a
8G6VMEJG,248,b
DNPNRC1G,248,c
CAM4JGZT,248,d
QDH7XIEH,249,a
0LWO6U2U,249,b
6JEETDJ5,249,c
DPZ27EN6,249,d
PR0T3C6H,253,a
A2YGK4G3,253,b
N2KKMEET,253,c
KY0OQMED,253,d
VC5ZGOHB,254,a
322MO8U8,254,b
6NQ3W6WS,254,c
IWL1O1F6,254,d
8AABYSEQ,255,a
QND51G1D,255,b
WBB1JWY7,255,c
G5I1Z65W,255,d
K9KZ8ICJ,259,a
PL6MEKTM,259,b
NFUTZYQT,259,c
Z00I92PV,259,d
6AXXKXNK,265,a
EP79RVIK,265,b
P9VFCUPZ,265,c
6H7KKRWY,265,d
IGE5G3YU,267,a
3BCBX5FD,267,b
0HH6X5F4,267,c
5F8XDS5W,267,d
DVGC10PQ,269,a
RK61UHN9,269,b
HJ298VBU,269,c
1ET4V95R,269,d
6VKZTDWF,270,a
HF9CP343,270,b
9974HLPX,270,c
3JESNBFI,270,d
WYY2YWAD,271,a
IEQ1UL68,271,b
4IKCXRYA,271,c
ZXMVY7HJ,271,d
R96NC6DY,273,a
78P7JE22,273,b
MT7GDLH6,273,c
CQPQKC7R,273,d
BE7NBQIC,274,a
HHPIMDY0,274,b
QTCD0IEV,274,c
5IIY4B75,274,d
H6CBM2RN,278,a
IVI85YLZ,278,b
ZRIYMC7J,278,c
YKWR19M7,278,d
ALTR1R23,287,a
FWCDOKS6,287,b
O47LJ73R,287,c
IFZSUBJK,287,d
DI7A699G,289,a
GEHZDERV,289,b
XDBYM5SU,289,c
WGFJH4DX,289,d
6DY6CRDM,291,a
X8LLR8AB,291,b
R4MXEM2B,291,c
JLNUP4Z7,291,d
PBSJGF9B,294,a
ZKQ6JJE7,294,b
LZVVA499,294,c
FCF9IEEE,294,d
EDQAX9ET,297,a
Z0L052JP,297,b
E7U62C77,297,c
71KU8UWK,297,d
CWXK4EE8,300,a
R19XTDWP,300,b
9M6JQGGX,300,c
BPXQ3314,300,d
IK4H7C4D,303,a
9Q9FSX3L,303,b
DRI1FIRT,303,c
O61BX1YC,303,d
N00TBV3S,305,a
NK72IV2H,305,b
VKVFBC5H,305,c
NNYSOUJC,305,d
UNHP3IQM,307,a
DY6HSQ90,307,b
J919Y121,307,c
JPY9SO2J,307,d
TL1467MD,310,a
4EI7BXRP,310,b
36N87FYI,310,c
2715T3C1,310,d
O03H0L3H,313,a
8C984CPE,313,b
S5U5RLFR,313,c
GF9RHWF8,313,d
WN0BH6UI,315,a
8L4L4PV6,315,b
2GL5T5E6,315,c
FHS16BUG,315,d
2M9MXBCV,317,a
HBQBDHEH,317,b
K289GRHK,317,c
M6RA2AZM,317,d
O8K6NY30,320,a
BUSSV0VZ,320,b
LH9ERYYY,320,c
PJMQ6L7S,320,d
WIDSH6KG,321,a
CENUWFVD,321,b
JC6LEHBH,321,c
KB0H3BAD,321,d
CLLV76SU,324,a
4FKSQNDS,324,b
OG8GB91F,324,c
Y0FHVGD9,324,d
563I19FJ,325,a
EAK9Z0FO,325,b
27CP5BRR,325,c
TCKR2VXE,325,d
SNDB4C4L,327,a
LBQGL7YD,327,b
QKNFSHA5,327,c
FM02Z1FE,327,d
CZ0X74PI,328,a
NC51PJRW,328,b
ANGGUVRZ,328,c
A52VXBIK,328,d
PP8GSGFV,331,a
ICD20Q76,331,b
LJ4RA76R,331,c
4NTJV2MS,331,d
RNWMBVU7,333,a
J919WIME,333,b
E0GLHAZ5,333,c
I08JBQF8,333,d
RPJQMIU0,337,a
DHWX1D9C,337,b
S7DK8YMI,337,c
FX0IHTPE,337,d
K2G4JLVP,338,a
IZPEQ3HX,338,b
G38AUB02,338,c
I9CN2ASV,338,d
ZUOO8JKF,339,a
1VX9Q06B,339,b
CALMTZCT,339,c
ONODA3GG,339,d
89WO3P9A,342,a
5CMAG1KK,342,b
ZT73W0MR,342,c
3L7DHJDS,342,d
5PVFABAG,343,a
RTTTU1IL,343,b
EN0OKHR4,343,c
B1ZXK64E,343,d
4IOBXM2V,350,a
04I2N4C3,350,b
59EA8SCW,350,c
KJOHX73I,350,d
VFWG4JZ9,353,a
91V47TPP,353,b
U71BPU0C,353,c
XEIA5ANF,353,d
S7SRFO30,354,a
Q3845EU7,354,b
J3Q4MFXT,354,c
790IMT9P,354,d
D4QLE6G6,355,a
TVG9N3EN,355,b
UFLTI2ST,355,c
AE6B66IG,355,d
V769IKEM,356,a
Q2VOZCSM,356,b
Z5E6UANH,356,c
RR3CMOIX,356,d
59GWDKPK,357,a
5FR9IUDJ,357,b
5ARM6C62,357,c
PDVFJOHQ,357,d
4NXQ7WYQ,366,a
RFC3HTXC,366,b
KOHNJWOX,366,c
Y4Y8CLMY,366,d
GILQ69WY,367,a
KZX4E9XR,367,b
59L0A233,367,c
GTJDXAMN,367,d
LVAHJ6SU,371,a
O3OYEDU8,371,b
ZNQSOZP4,371,c
SJ8H3U4X,371,d
6ZBQ3G9G,375,a
TUE3T3XW,375,b
920CBFGO,375,c
7NCQ548P,375,d
TK0PH7BR,377,a
BBNG0KSE,377,b
FG5YRGVH,377,c
QMJFDSL7,377,d
QDURZ8LY,378,a
W0GRR2L5,378,b
YLKPH78S,378,c
ML1BG8NF,378,d
TX6OXN9U,379,a
LJQ3DYGN,379,b
LQTXAK7R,379,c
XXNIWYF3,379,d
IEBKPP61,380,a
MIUIPK4Z,380,b
TKL87JMN,380,c
YVY0X0HX,380,d
ARUEG9ET,381,a
B24HCHO8,381,b
CCQB1J5D,381,c
5IW77OJZ,381,d
IVWWBOIT,384,a
U0LF5OM0,384,b
Y6N4X4FD,384,c
G5GK7NZ2,384,d
DKWCUB4B,387,a
4JEPLLF7,387,b
EN74D6VG,387,c
BKHR8HTS,387,d
X86X737P,388,a
SS9D2GGI,388,b
AFUX8SSX,388,c
TWSZSGAD,388,d
WIHTBNWB,389,a
UHSIY2XT,389,b
I2BEF8F3,389,c
YC07188E,389,d
NL583Y48,392,a
2IEW9FHK,392,b
TR5TC9SY,392,c
56JI39RM,392,d
YOVRC8RX,396,a
MK5SV6X1,396,b
GM1XCVCG,396,c
220Y7O7S,396,d
43DQ6UFO,399,a
VKTROL2U,399,b
Z5VL2VJY,399,c
E7BZEC0F,399,d
6HGFVOJJ,405,a
8NI9FYOG,405,b
U91UA5L7,405,c
T7MG5A84,405,d
EQAVCTNG,406,a
RT23V4JR,406,b
LHF1U71N,406,c
C8LQK6UE,406,d
OGNWH4UX,408,a
I8EPPSBZ,408,b
RQH1XCNQ,408,c
68DDAJJX,408,d
BERAZ7BG,410,a
TJHVBO0H,410,b
05Y8T3Q8,410,c
KEACGGIJ,410,d
1AM4FWB9,412,a
SUVQBAAE,412,b
3WZ3ZBGG,412,c
VDQEHX5S,412,d
57JRPBPX,413,a
6A65X2BG,413,b
VOKNQE0V,413,c
PLX7OPEA,413,d
QXFJL1M6,414,a
GXUKPXBG,414,b
RFROOJKU,414,c
UP6Z9NH6,414,d
MTE6PIWP,419,a
BIVPSSU9,419,b
L7WEQ64L,419,c
HHTQXF0X,419,d
R1T5EZLB,424,a
73GSG499,424,b
KUIC2MEB,424,c
H6T9MWDB,424,d
VE1XN6BS,425,a
MUZFG8D2,425,b
Y3X7C6VL,425,c
0034H9OX,425,d
WKSZIFZ2,426,a
XJVE4POY,426,b
QTB8S9SU,426,c
RTTFLSZS,426,d
UN89R96L,433,a
UI0MWKMO,433,b
TZEYLLAT,433,c
Q8T4Z2WI,433,d
HO7BQXGI,437,a
W920T3FE,437,b
83X22PUY,437,c
V9UA4QPX,437,d
JSE6ZW0K,439,a
04LAYCXW,439,b
1AA9C6AM,439,c
763T4OH3,439,d
ZXF6P8B7,442,a
2SJTBYZF,442,b
045WGO2Q,442,c
ZFKJ0RLI,442,d
DW6BCUSV,447,a
B9IIRE5U,447,b
OCAY9UR6,447,c
X55G2BL2,447,d
MMZ46VP0,449,a
0DNM26CT,449,b
8V9DJKT1,449,c
9QYUF5FQ,449,d
ZC4VP43Q,450,a
B499SM9X,450,b
B61A9DDT,450,c
BJKFFDRF,450,d
ST3T5BU6,455,a
7S1FDV1K,455,b
RHWDR8RU,455,c
JFJ1XUBM,455,d
ESWWOEND,459,a
OXRIFUOJ,459,b
SF4HMQ7H,459,c
TMRIT3CG,459,d
74QBLKZ5,462,a
57GLX1AZ,462,b
EOIF6EKC,462,c
AL3S56D0,462,d
WOW5ZCA4,463,a
WRDTYKK5,463,b
U4EGQ6PY,463,c
8P171E7N,463,d
RF0JVPL7,469,a
79V03RPV,469,b
WOQPAI9Q,469,c
L7DN638H,469,d
KMFNL3A0,475,a
UFWNC2UU,475,b
T5UCDJH8,475,c
5QM5JHFU,475,d
MSM4P5CZ,476,a
RK5QFR0I,476,b
XTC7FNYM,476,c
LWV2W467,476,d
I7ADAZD6,477,a
878AIV6K,477,b
3KKSIL3D,477,c
QC2WK7EO,477,d
AJLK7H3K,479,a
DI0DYSNP,479,b
PL7JJUX4,479,c
M0N06DRO,479,d
1Z86LOKK,486,a
PVEV4HWC,486,b
8NLNZ0GX,486,c
NUMC9YG3,486,d
VEG3JJU3,489,a
FBP8JL4Z,489,b
PASL10CQ,489,c
XQS141HF,489,d
DOA6MA8Z,491,a
GYBLO1EX,491,b
40SKD0K4,491,c
G0T239HX,491,d
SH480PPM,497,a
HWRIF43A,497,b
G5N1FUBB,497,c
4WV1CW1U,497,d
9Y7KCY60,499,a
45SNWQZ2,499,b
WJYLAJTL,499,c
C6MRVVUL,499,d
WG01CIWM,501,a
K2PUMWPV,501,b
82AWIX5X,501,c
7UUIDVTO,501,d
5TBFKFH7,503,a
TJAMVSBB,503,b
SRDJGT1J,503,c
IWG1QK2X,503,d
RDHFROY2,506,a
0EXDBNBB,506,b
PTZQ11FK,506,c
9R2ZED0Q,506,d
DETTF4RE,507,a
L3QJYSNJ,507,b
6W94WCLL,507,c
E4372BM1,507,d
SQDU205E,508,a
5TZQ9PPP,508,b
XBM0UI20,508,c
5VPRZD5O,508,d
VA8I4PQD,510,a
R7O060IO,510,b
Y11XX7DQ,510,c
MW6QFEQY,510,d
5SSPM7P3,513,a
RZZQ3YMF,513,b
FFUEE4U1,513,c
E03XKLUX,513,d
O9L56OOF,518,a
89B5YF40,518,b
K193WVQH,518,c
IG2G8UK5,518,d
15O0L0LD,521,a
NRZ8N37A,521,b
XKLQ5WC9,521,c
IVB1S9K5,521,d
7MFKJL5R,523,a
SW32RLG5,523,b
81X07OQV,523,c
CAV9BBZ6,523,d
7JN09FV0,524,a
YDKAHWYL,524,b
CSOZIMJP,524,c
WYVSBBFZ,524,d
OAZIEKY9,529,a
AZ31LWEH,529,b
NS9W0ZXN,529,c
909VQADI,529,d
OWXN6MRX,531,a
QEXE1U4G,531,b
IA1559VQ,531,c
93ARYEA0,531,d
70CP021S,535,a
DRDBON7W,535,b
2F0XO1K4,535,c
LT8H8ZPM,535,d
T0PSAQ3R,537,a
73HWHZXV,537,b
V18EW57B,537,c
VFN47MOT,537,d
Y2EMDHLI,539,a
AZTIYN7S,539,b
26EDPQLL,539,c
GD7MTP69,539,d
PD0SV9PT,547,a
1N19VVUR,547,b
H0WPD4QA,547,c
IQGYEZX2,547,d
ITOFJRXY,548,a
1D18Y29O,548,b
JBR0M9WA,548,c
1TXBS20N,548,d
LKYTNVFF,551,a
4X1A5MTP,551,b
KB4E478D,551,c
VGKVLZWW,551,d
X1W8EWJE,555,a
6UYFA21E,555,b
T8GHP17D,555,c
CUHDD0GB,555,d
F3WPC8Z1,560,a
KOI6KN4S,560,b
5MM40OYK,560,c
ILLPGU6U,560,d
HOJFND94,562,a
4X0KNZCS,562,b
D8WZT02Q,562,c
T8CXODJ3,562,d
0YXIE8W6,565,a
T51255CW,565,b
ZDPAPPP2,565,c
RR6ZU07D,565,d
ZY2XRIGM,571,a
5GRETPWQ,571,b
8NCR5NQW,571,c
V7S87WJV,571,d
XUHVGN4D,573,a
A3XXSRMQ,573,b
2IFU5EK2,573,c
MVY56YRL,573,d
97WICM6L,574,a
HXB7XHK9,574,b
DTPQYVFK,574,c
QZFVS58Q,574,d
S5W8BP4S,576,a
HTJYM9DI,576,b
O62L1NHW,576,c
CZW67LUP,576,d
K9A21RJC,579,a
T0BT5VGP,579,b
6GIZRACK,579,c
STHXKTE1,579,d
AJ1LKX1T,582,a
HJJ29IVQ,582,b
LWWV5RQP,582,c
RSR5N36F,582,d
73DOJ1RY,585,a
S71QYWRD,585,b
6Q0PH8M5,585,c
55TZQZGE,585,d
UBCYO7P6,589,a
RGCTHD3E,589,b
Z4IVR9EE,589,c
8LDWU2GO,589,d
M17THNKL,596,a
L5YFKFTU,596,b
QUIN9H4X,596,c
TOONU2YF,596,d
DW51J1LW,605,a
3A39X7EN,605,b
FBTE3P4H,605,c
XCCRF82U,605,d
8H2TLSPT,609,a
QGZTSEUW,609,b
SZ8JYT2D,609,c
XLOVBC55,609,d
9930L7QL,610,a
NQTP4QOU,610,b
P9A95HYM,610,c
NG9QXDOE,610,d
WGY1V3AQ,615,a
2PB4FYOH,615,b
6ON2OKXR,615,c
KA20SGI7,615,d
UFEYRXS1,617,a
8K58MKXG,617,b
E01T08S5,617,c
8GWWQE1Z,617,d
HRH0B6ZF,620,a
WP4B2RLM,620,b
0UEPE4HK,620,c
18SYD64L,620,d
Y2L9H5EV,622,a
VF6M3RSF,622,b
DC6TN5W3,622,c
J6XQ9IT3,622,d
BT3KHWEJ,624,a
VUR0NGDJ,624,b
TOBXHUX0,624,c
YXXL6ZWF,624,d
GDM7VXKY,627,a
QTBS939Z,627,b
4N01E8XU,627,c
HYJHJ0V6,627,d
F3H8Y3KZ,631,a
6TXR3BH5,631,b
7ED4NXH6,631,c
TIM0E5P8,631,d
3C6A6UWO,632,a
AKTNG148,632,b
WQ25T3AY,632,c
ZC8E7XQ1,632,d
FW9CEL1T,633,a
D4XYPO08,633,b
49UE3FXE,633,c
T7KW5S31,633,d
UUTRWA4C,634,a
DBAEWH0H,634,b
NLQOZRQJ,634,c
03CLPOKS,634,d
622KDD2Y,635,a
4THQNFC2,635,b
CED7PVFX,635,c
UHABQO0P,635,d
0TMDS1LS,638,a
95U4VX27,638,b
RJ9ZB7WR,638,c
PD4400VA,638,d
TLLXS70K,639,a
4TGD701W,639,b
WB2DQUHM,639,c
1069RGMF,639,d
605889IF,644,a
OCGNGF8O,644,b
VB6A8AED,644,c
G5CU0FSM,644,d
JOLXRUY1,646,a
3R45FPDT,646,b
VTBL7TA4,646,c
9BOSRYO3,646,d
30X1NZOA,649,a
WAVZ32PM,649,b
ULWJYEWZ,649,c
7AL3T80P,649,d
IU5BA23Q,651,a
ZK8NUXMK,651,b
7C86Y5OO,651,c
Z0G7ULEK,651,d
QPVBWJOW,658,a
IXFPHS58,658,b
T40DK9CX,658,c
RTEM4G57,658,d
Y5PES5KL,664,a
VQOEK5LY,664,b
PQCY4DOS,664,c
M9OX9ZSA,664,d
S781KSZ6,670,a
1I6VVPKJ,670,b
07E5MM5L,670,c
U4F8F2K5,670,d
K0D88L86,671,a
2OUEVDC7,671,b
0W4PIDOG,671,c
QRAKWZEM,671,d
3D27AVRO,681,a
RNE1DMYK,681,b
HTV0BDZ2,681,c
UIBWW4WJ,681,d
8KRGCWYA,688,a
V7NGFP66,688,b
GXUWA8YH,688,c
7WUYVT6O,688,d
LW8ERDPM,697,a
NO411TKN,697,b
353W3WM0,697,c
0OPPHM3Y,697,d
VI8D2UQS,698,a
B34Y16GD,698,b
VN9IW9WI,698,c
FCY6AXDQ,698,d
4JK1A7WC,699,a
THJ9F1VJ,699,b
CUIXVXAU,699,c
ZABO9XD9,699,d
UTT51ME9,700,a
SZMLE7AO,700,b
UNBS1RIY,700,c
8MS9L5T2,700,d
0399Z3DW,701,a
WR9AF45W,701,b
S0UB4WTY,701,c
DBAOZAXV,701,d
7TX3F15X,703,a
IADGTOGL,703,b
ES5YG9JK,703,c
MSQ8Y1XN,703,d
GB157QY7,704,a
39MPZV3F,704,b
MWTAK2H5,704,c
ZOYQWPJT,704,d
EVFWSVYC,705,a
RPZQJON2,705,b
HJXO9EBQ,705,c
ZEFMTW85,705,d
OF7GAFKI,715,a
QUL22XUI,715,b
YU4LANMJ,715,c
UEH8C7N9,715,d
HCPV1S2O,716,a
TA1B2AHM,716,b
GJ10BWRB,716,c
NVXVPSRV,716,d
6VY2KSBX,718,a
CA8UYJGO,718,b
NLEFB76N,718,c
P6SLTHYA,718,d
NNK0Y5CI,721,a
F7CZ0OXH,721,b
LTBLHI7T,721,c
FQVVW8YM,721,d
NFDEGQ04,725,a
1M5QQ3ED,725,b
NEAYOB57,725,c
TMZKG4YE,725,d
VY3B395O,730,a
ESCV5GSC,730,b
GVCF7W0B,730,c
47WMFNTK,730,d
DXZE144C,731,a
32UTC7FI,731,b
N9ESK00Q,731,c
ZSBO441C,731,d
316GV5NK,736,a
NIZBW68T,736,b
99M48XAC,736,c
73ZPL9D4,736,d
G1CUJXU2,738,a
FS5EQYKJ,738,b
YWYPSKA2,738,c
DYZK5JSM,738,d
UDXM2DA3,739,a
JUDBNZYG,739,b
OWCZ1N0M,739,c
5EHVEORM,739,d
IQWIA0M7,740,a
7H8XC0JD,740,b
I8D6W4MW,740,c
TQUCJ3FW,740,d
HP5V0Q68,742,a
DVM8NWTK,742,b
ZXG0JKE1,742,c
S7AF2NH0,742,d
0XUTOCN0,748,a
3LH65EHX,748,b
CLAV1CQF,748,c
MDQBTEVW,748,d
A79B39HL,755,a
J7YMC6YN,755,b
27M4CHKE,755,c
NFIAOLIV,755,d
9IHRLE0V,756,a
MPO1EZD4,756,b
L6MZ65ER,756,c
AX8UIYWN,756,d
COWD4DZY,759,a
WN60KTSG,759,b
HMOQ5TYY,759,c
MOZWDRMX,759,d
F07QMYTD,760,a
RPSN4ZRF,760,b
B53BSG0K,760,c
BCIY1SR8,760,d
HEIHJAQ1,761,a
FRU798DA,761,b
6LRSW85Q,761,c
LIDHZMWJ,761,d
82QRA6T6,764,a
1ZC4WHKR,764,b
BYQ29LOW,764,c
5X0PCQP7,764,d
Y400H0GW,767,a
5P5JVREM,767,b
21NCJ5SE,767,c
20Q8NIQB,767,d
OZHHCS56,768,a
SZQ7ZZ6H,768,b
9B5DXH6S,768,c
5U4W715X,768,d
Y8CYTK7R,772,a
JBLI2S0O,772,b
QSW31XQC,772,c
4TWCRJLF,772,d
PTK163JI,775,a
80ORTEJ8,775,b
05916BVB,775,c
AHJY0LLU,775,d
ZNIG231C,776,a
6PTY9DXM,776,b
X5967ODR,776,c
5MAQTE2A,776,d
I418FWOS,778,a
O1WVSN2K,778,b
3HWJ8O83,778,c
YO30SPGV,778,d
KQXCI7K3,782,a
IQCHEPN1,782,b
L96WQCD2,782,c
8EWWNGU1,782,d
085U9R5E,785,a
5GKUN7OQ,785,b
SGKY569Y,785,c
L5DNE5ME,785,d
IKYLVT84,793,a
PZJ23VZK,793,b
TDCWM8K0,793,c
FC7RK795,793,d
AR066106,796,a
OIRYAI5G,796,b
NVA781SV,796,c
TLQED3UO,796,d
1JPOK9V0,798,a
8IEKRPB9,798,b
ERQVQN5H,798,c
4K4DIGST,798,d
RC56XGDL,804,a
RJ75A2EY,804,b
F1547L8X,804,c
N72QVZGR,804,d
X01IIRVX,806,a
IK0G5WEF,806,b
O0DDF9BL,806,c
N9FN2VRA,806,d
G2YUV86Q,807,a
T9Q7MY7X,807,b
U30EQKVL,807,c
71C1STJQ,807,d
9LPC2S10,808,a
KGBU9TIR,808,b
2OK3QMYR,808,c
D1GWUJPB,808,d
SKSABJ2T,813,a
1YPFTUF7,813,b
303JT79T,813,c
AFGU8CJE,813,d
5TRVHQ57,819,a
BH45HFLH,819,b
5Y5FK2SG,819,c
OHV8A903,819,d
4CJFMQ87,822,a
68CBY4PI,822,b
9RM6TQR4,822,c
I4GKZ74V,822,d
L3GTBERZ,826,a
SSZZD8DG,826,b
QAQHRE7R,826,c
5J286PK7,826,d
DL8GAUTJ,829,a
71W0E46B,829,b
ZUKOF75H,829,c
I1E9WXQH,829,d
1SOTM77V,836,a
CEC2QWBI,836,b
FTP4HSA5,836,c
TB1K0POX,836,d
9K03TQKP,840,a
U0JAVEN5,840,b
D27P0X6S,840,c
RIJONQZI,840,d
IGBGP632,841,a
6H666JXW,841,b
70DOEW7L,841,c
T9MNW40D,841,d
PAO3UKHJ,853,a
MTX87VVM,853,b
G92OFM9L,853,c
4FUJIZXT,853,d
TVOIMJU5,854,a
H94SQNPC,854,b
5HRM8WOZ,854,c
A50P988F,854,d
CEGJ37TU,858,a
3BVBH5AM,858,b
ZQHREE6W,858,c
IJFHW83L,858,d
NCZPOL23,863,a
R9I0XWYJ,863,b
WZ2VBY7D,863,c
TAR0C5K9,863,d
81ZLE9AF,865,a
MAODRMHH,865,b
DH51I05L,865,c
ZQA1MHJ7,865,d
V0ZCZBYC,866,a
R8J7SH00,866,b
SLON93Y9,866,c
G0PMOV0C,866,d
ZMPMAGVG,868,a
P2MYAH6Q,868,b
K8MI2JLQ,868,c
YQ4LWJY2,868,d
3WVG6M88,871,a
6DYYAN1T,871,b
9XK8ATB1,871,c
P0DCY4GM,871,d
UHZD02XI,872,a
3VRZ17W5,872,b
6DB58U8G,872,c
W7QD7CRI,872,d
HL7NBAKQ,877,a
UZVBJ65N,877,b
G272XCUY,877,c
4MIDYT17,877,d
AACH6HYL,881,a
HXXRDCX2,881,b
NVIBKR6F,881,c
K7UIJJFD,881,d
8FH8XY76,884,a
VIYP6Q4R,884,b
GXULC35V,884,c
NAPXONXM,884,d
L7RBW3H0,888,a
EGIEG9S7,888,b
FSI9RB14,888,c
CG4ZUXLH,888,d
C2FKO57P,890,a
LGCZ88IJ,890,b
Z3BTZEH1,890,c
DN2WJPAU,890,d
OBH8AEHT,892,a
JQOPSOYI,892,b
XO1TSEP1,892,c
9XVY8U64,892,d
CPRX97O3,893,a
JHV1I19P,893,b
6CQQVOY3,893,c
HG97OB2G,893,d
H67CN3YX,894,a
SWKO3WRI,894,b
6L39THK9,894,c
9ZVA5HLE,894,d
Y6QE014P,896,a
RH3R6DC8,896,b
RCJUG1T7,896,c
E1QRQA9R,896,d
C9NB3Z5X,897,a
N2OXYLSD,897,b
U5HBO2OZ,897,c
2QFBMK4C,897,d
XTD3M0UU,905,a
G96RWNR7,905,b
6S1W5QJ8,905,c
RJ79S29O,905,d
JVCMJRVT,907,a
YQDTAB4O,907,b
XJKRUY9G,907,c
0I686K2V,907,d
IB8S6W00,913,a
DLTIV0D7,913,b
S2SPP8NL,913,c
DZ2GLUKK,913,d
U7RFG4E6,915,a
KFQ27SE7,915,b
Y7GLKKA1,915,c
8CPKNGP4,915,d
UADUEKN1,920,a
Z6IBKNFV,920,b
3PJ60INU,920,c
FI6VW0LP,920,d
98P9NVHI,921,a
SUM0XZID,921,b
QC2JWJ4S,921,c
O7HOOSQW,921,d
79H3CV9N,922,a
KMZVE47W,922,b
KXMUD2PJ,922,c
UDDAJ71J,922,d
J3BZSY4A,926,a
6A22RQCI,926,b
AR8C3G57,926,c
GURJA19A,926,d
85CHYZJT,930,a
UY07QFMW,930,b
GN2T1DCT,930,c
4RZM4IJH,930,d
8JDDZ795,933,a
LVBAW7BV,933,b
9L0WVVWA,933,c
JIM3X0G2,933,d
Z08G7JB7,940,a
LT3OJ367,940,b
TI2NLW23,940,c
75W6C5JW,940,d
9X42CFM9,941,a
JA9KGGV8,941,b
KTS4JL1Z,941,c
G8ID2DGG,941,d
XSW0TFWC,943,a
DA3M5OQY,943,b
9BZCXZKR,943,c
XOP91H1Y,943,d
TX4T5SLU,946,a
706BBFQN,946,b
FK5LRX0C,946,c
JMFJKX6Q,946,d
SJEFT182,948,a
1BDH8MZB,948,b
V8XPJLP7,948,c
P6S22XVH,948,d
CGKBCWM3,951,a
LPGTA250,951,b
QZQTFN52,951,c
9SSJS6AL,951,d
95ZW06HD,955,a
AD62LCJN,955,b
HAM0U3ME,955,c
N8L5ITL3,955,d
7MELCO3L,956,a
W3NLTOYZ,956,b
ZZVWKJNH,956,c
NVPUFMZA,956,d
JEWZT3E7,964,a
9ND7TFLO,964,b
GUX9FSXT,964,c
VPLU880H,964,d
W1MNLG1S,967,a
BHDA4VIY,967,b
BY1KC9M1,967,c
YDXDKPVX,967,d
10Y6IN2T,974,a
5XNACE62,974,b
7EYDRA86,974,c
XY1UW4N3,974,d
06J8Y3JB,977,a
OHELQ0NW,977,b
0UU0XBJC,977,c
IQ4YDFKK,977,d
U8AUOBGA,979,a
8ATPMQTZ,979,b
X4MQXTDT,979,c
O1VFR229,979,d
FLGCF6NK,980,a
1J51PCRR,980,b
R86EBUHJ,980,c
HWKB8C3Q,980,d
ENHRDRP3,982,a
LV03RQB2,982,b
CUL8D74C,982,c
1B2TGJHU,982,d
7Z1917VE,989,a
HWRYCO6R,989,b
ZPUALYWB,989,c
H240NDMQ,989,d
2XTLU4RC,990,a
ZTJY7NCU,990,b
80APAV7X,990,c
7FU5I3SU,990,d
X4FJF2S2,1006,a
VAY85IDH,1006,b
8FWQOJSV,1006,c
J2MWR4XL,1006,d
RQEOWH7X,1008,a
9FKOKDVZ,1008,b
18R7V51S,1008,c
CPKCX3FL,1008,d
9PYC4SBX,1009,a
YTLIMORN,1009,b
KRKKQ48D,1009,c
R7NG978F,1009,d
Y6MDFNTP,1010,a
WG66A1ZU,1010,b
WUW5AXB2,1010,c
YEP5Z5DB,1010,d
GY05AYUC,1011,a
PONQW0I9,1011,b
AVA62PHI,1011,c
BMXIHJGF,1011,d
0FSE4B3Q,1014,a
QZBO3E6L,1014,b
ML6M7LPA,1014,c
TMROD21G,1014,d
WYB9BAAI,1016,a
YVHOS650,1016,b
VK4ZNGPA,1016,c
HKJM88H8,1016,d
711LMPFW,1019,a
SOVZS2E0,1019,b
7Q1NHZO6,1019,c
UL7BL7TV,1019,d
1JA8TT25,1021,a
XV7ID7R3,1021,b
M0G6VQZN,1021,c
T7559Z8F,1021,d
8XBMNJOM,1022,a
9E6ZCHPJ,1022,b
3UBCK0O1,1022,c
K2Q4OA20,1022,d
5LJ40BIZ,1026,a
4OHZWN8R,1026,b
EZNAJ6C6,1026,c
DBCR13JM,1026,d
MOGTCHZF,1030,a
K7HCLLT5,1030,b
4I492L8E,1030,c
SRL1ICCE,1030,d
02RYKE9T,1033,a
Z7WLVZ0T,1033,b
2YNGNB4D,1033,c
XRB7FX49,1033,d
UFWE7UVJ,1036,a
F0YEYXBR,1036,b
1YC7O9ZW,1036,c
L5IIWJEC,1036,d
V9OMK0I6,1037,a
JWG4K64P,1037,b
PSQP8T3V,1037,c
OY21TJN7,1037,d
POS6HSHV,1046,a
ALG2102M,1046,b
VSXS4AFU,1046,c
TEI8LDR4,1046,d
HSILIJ33,1047,a
79L2JGQW,1047,b
50SP0JR7,1047,c
NM9IWP6R,1047,d
BCQAP692,1055,a
2AG5WA3L,1055,b
JRYTKIH0,1055,c
C54K8MAA,1055,d
HHROJY5O,1057,a
GZOG4DUM,1057,b
SZERFPOR,1057,c
CQ8VE28S,1057,d
K7D3OYJS,1058,a
ZX1POMC5,1058,b
BO3TIH5O,1058,c
RPQJGET8,1058,d
0UHXSDIU,1060,a
TUCJQ8MJ,1060,b
918JQCJH,1060,c
W2X56MGI,1060,d
B79WRKX9,1062,a
VZ1OCV85,1062,b
3JJD8C61,1062,c
5W7N4OQO,1062,d
FX6Q1FEQ,1063,a
PSQ96XP1,1063,b
3E8L30O2,1063,c
16AWS817,1063,d
QSZUOVK8,1064,a
PB4GZY3Q,1064,b
DPCM7VJD,1064,c
X9QJKSWV,1064,d
R2NWR589,1067,a
PDPUO4IM,1067,b
V0LD156Q,1067,c
GQ4UQOJE,1067,d
TNU9MC9F,1068,a
6ZPWYFAM,1068,b
TSNPOELK,1068,c
UG9I4K7L,1068,d
YCTO2Z3R,1073,a
OJ372G12,1073,b
XGSVA02A,1073,c
JQEPNSZ8,1073,d
CROHU52M,1074,a
J659OFU4,1074,b
F60FVX09,1074,c
7GFXWA99,1074,d
969OY6CO,1076,a
1ZRBRVYA,1076,b
I4CRLIMT,1076,c
BFDGW2D7,1076,d
8MECEJP8,1081,a
A27KTBE1,1081,b
DQ0BITCN,1081,c
DI86FFXQ,1081,d
6KNM11SF,1083,a
QPBCJIKU,1083,b
XYC23U67,1083,c
M57ZYHQS,1083,d
JYTQOOD4,1085,a
6KGDNT7N,1085,b
7RGFSXSC,1085,c
NQ3L092P,1085,d
6PCW2DBD,1086,a
CC2ZP6AI,1086,b
U0U8551K,1086,c
BH4BQ0N0,1086,d
GZ38N9GO,1088,a
50NG5U5D,1088,b
WMCA4SV4,1088,c
24O6MPB3,1088,d
DDAI0PBF,1089,a
NNZCSWFI,1089,b
3UAPR0S6,1089,c
GFR2HABM,1089,d
MHD95TRV,1090,a
6XAO7WWY,1090,b
LRUOKA9P,1090,c
TUMWUJ38,1090,d
JSKR19C1,1091,a
52PS2W69,1091,b
IQF875PA,1091,c
D7L8150K,1091,d
FNTCCE6S,1092,a
LFUN8HBR,1092,b
AAT7FWX7,1092,c
7PNL1VXF,1092,d
DMH1JJ9J,1093,a
H61OM15L,1093,b
Z0UIA6O0,1093,c
NWZZH5P5,1093,d
HRKFNUMQ,1094,a
1AH0I6XS,1094,b
R3UYALN0,1094,c
CU759NNN,1094,d
QH473974,1096,a
DOU2G3ZT,1096,b
8SOBVA3E,1096,c
71LM8HF5,1096,d
GFQUSQF5,1097,a
57448JJW,1097,b
1PC4BQ4A,1097,c
YUVROJ84,1097,d
6KG7C6GK,1099,a
L03B1H10,1099,b
EUP7RKQR,1099,c
MIDCQWGS,1099,d
3LAU1WMN,1100,a
F7YX78R4,1100,b
J4NFKU23,1100,c
FI0S6MTO,1100,d
URWP35B8,1102,a
2NBR4HWX,1102,b
A3V6B2KG,1102,c
0IY37VCH,1102,d
U6L47GJR,1104,a
I5HG45KG,1104,b
S4V3PTQC,1104,c
SYY7A9QH,1104,d
ZGLN4IB3,1109,a
CMBJ2U1R,1109,b
9Z71PWEM,1109,c
VWGBUARA,1109,d
V6AXUR4V,1118,a
3219WMFI,1118,b
PWXP6YV9,1118,c
R5E3DFUK,1118,d
ZPXCOUYC,1125,a
LNYGELYU,1125,b
EWRT055Q,1125,c
4DPDCCK3,1125,d
TBGS3HF9,1128,a
O153JX4S,1128,b
KZ9AKCQW,1128,c
9AJJAUV2,1128,d
80I0TBJQ,1132,a
0THZ3ZOF,1132,b
H9SEZ0J5,1132,c
BBBVOL42,1132,d
9OC0KPND,1148,a
A2PQWARA,1148,b
A34AYS7K,1148,c
ZCITPTU9,1148,d
M7U3DTC1,1152,a
ZJPZNRMD,1152,b
XWK2FS27,1152,c
POK2BHGF,1152,d
5PAWASTC,1154,a
J8AZ5M3R,1154,b
CYOQ152K,1154,c
UC3D1G00,1154,d
USYP9L99,1161,a
C4ASP7FO,1161,b
SBJR3FH9,1161,c
429LLF04,1161,d
LSWZN7RS,1162,a
VR03TGK7,1162,b
T2WY9MU1,1162,c
BE0CKEMT,1162,d
JS883F9Z,1169,a
F529H5YK,1169,b
06NHP4DF,1169,c
HIHCYTQY,1169,d
HYIPAHXP,1170,a
E8DD9465,1170,b
U62LWG1F,1170,c
C6Y8BAVM,1170,d
MLI6M7Y2,1173,a
NYFMLEQF,1173,b
5R4ISG9G,1173,c
5COUMKEH,1173,d
W6IFHOIV,1174,a
6SFKWDVE,1174,b
FNJ20REO,1174,c
5OTXNLWM,1174,d
1HBQ3FVN,1176,a
K6DSBZOK,1176,b
QO5D0GBS,1176,c
WKY44FC8,1176,d
RCOID0X2,1179,a
IQDJHLGD,1179,b
BHK8ZSI6,1179,c
H3AY8MLI,1179,d
KPN2DTNC,1187,a
81PLSU96,1187,b
J8AKGH25,1187,c
30V3NXTU,1187,d
4QGO82C3,1188,a
4EZAXMFY,1188,b
3L1HMWIC,1188,c
E4R3T05Q,1188,d
RVV36LQK,1193,a
212964QF,1193,b
LFM8M74O,1193,c
U3UYP8IL,1193,d
81SZ1A2X,1194,a
X7ZRCQNZ,1194,b
OARKXCRO,1194,c
XV0XGT9T,1194,d
T8JWAHPS,1199,a
EI935GBX,1199,b
EAC9K9V4,1199,c
D8993L4I,1199,d
GA6A75VG,1200,a
GCEK32L0,1200,b
SW6Y1EAQ,1200,c
FSF5SIWN,1200,d
