Ques_ID,Question,Ques_Type,Difficulty,Correct_Answer,Marks,Crs_ID
1,Error possimus doloribus. (A/B)?,A/B,Intermediate,B,2,81
2,Doloribus corrupti vel consectetur. (A/B)?,A/B,Intermediate,A,2,82
3,Explicabo similique fugiat ea accusamus nesciunt debitis?,Multiple Choice,Hard,B,3,27
4,Sequi soluta pariatur odit vel in esse doloremque. (A/B)?,A/B,Easy,B,1,24
5,Ab dolorem alias quisquam accusantium consequuntur. (A/B)?,A/B,Hard,A,3,84
6,Voluptatibus eaque laboriosam. (A/B)?,A/B,Easy,A,1,79
7,Iure ipsam dicta at. (A/B)?,A/B,Easy,B,1,43
8,Expedita deserunt sequi modi aliquid?,Multiple Choice,Easy,B,1,80
9,Amet quidem in iure?,Multiple Choice,Hard,A,3,72
10,Nesciunt eum fugiat natus voluptas. (A/B)?,A/B,Intermediate,B,2,83
11,Reprehenderit eius quae. (A/B)?,A/B,Intermediate,A,2,58
12,Molestiae odio tempora sed?,Multiple Choice,Intermediate,A,2,87
13,Ducimus mollitia dignissimos?,Multiple Choice,Intermediate,C,2,1
14,Libero rerum a illo. (A/B)?,A/B,Easy,A,1,29
15,Repellendus cum vel illo sint nostrum cum. (A/B)?,A/B,Intermediate,B,2,62
16,Cum distinctio nam porro quis ad?,Multiple Choice,Intermediate,B,2,84
17,Incidunt error nostrum unde. (A/B)?,A/B,Hard,B,3,14
18,Dignissimos magnam omnis unde doloribus. (A/B)?,A/B,Intermediate,A,2,50
19,Voluptatem odit quasi error ipsam vitae?,Multiple Choice,Easy,D,1,51
20,Dignissimos quae suscipit velit placeat nemo magni. (A/B)?,A/B,Hard,A,3,51
21,Quidem rem officiis. (A/B)?,A/B,Hard,B,3,59
22,Laborum beatae dolorem nobis fugiat. (A/B)?,A/B,Hard,A,3,99
23,Veritatis facere quo nulla repellat nihil. (A/B)?,A/B,Hard,B,3,75
24,Repellat iste ullam temporibus. (A/B)?,A/B,Hard,B,3,38
25,Necessitatibus adipisci velit magni culpa ad?,Multiple Choice,Easy,A,1,4
26,Deleniti velit quod possimus?,Multiple Choice,Hard,C,3,38
27,Vel eaque provident ducimus. (A/B)?,A/B,Hard,B,3,96
28,Reprehenderit sapiente commodi sunt velit. (A/B)?,A/B,Easy,B,1,79
29,Saepe enim nesciunt nam quod. (A/B)?,A/B,Easy,B,1,37
30,Vero quia incidunt vel optio ex quas?,Multiple Choice,Intermediate,D,2,82
31,Officiis hic veritatis optio?,Multiple Choice,Hard,C,3,49
32,Possimus minus reiciendis velit ullam esse quos?,Multiple Choice,Hard,B,3,83
33,Similique officiis mollitia tempora placeat aliquid?,Multiple Choice,Easy,C,1,33
34,Quasi at excepturi ad sint rem omnis exercitationem. (A/B)?,A/B,Hard,B,3,45
35,Dicta incidunt odit enim aliquid facere voluptas non. (A/B)?,A/B,Hard,B,3,61
36,Dolor nam ipsum iure id labore nesciunt voluptatibus. (A/B)?,A/B,Intermediate,A,2,56
37,Quisquam error architecto facere dicta magni cum. (A/B)?,A/B,Hard,B,3,74
38,Omnis facere impedit occaecati soluta nesciunt. (A/B)?,A/B,Easy,A,1,42
39,Illo consequuntur voluptas nulla ad minima eum?,Multiple Choice,Intermediate,A,2,80
40,Quam veritatis aut cupiditate fugiat labore nulla tempore. (A/B)?,A/B,Hard,B,3,87
41,Itaque voluptate libero pariatur labore. (A/B)?,A/B,Easy,B,1,94
42,Doloremque adipisci quos laborum enim laborum necessitatibus?,Multiple Choice,Intermediate,B,2,80
43,Illum rerum reiciendis. (A/B)?,A/B,Hard,B,3,40
44,Cum pariatur minima. (A/B)?,A/B,Intermediate,A,2,27
45,Quod saepe error blanditiis minus laudantium perspiciatis?,Multiple Choice,Hard,B,3,71
46,Quidem accusamus eaque ex placeat. (A/B)?,A/B,Hard,B,3,68
47,Atque numquam repellendus voluptatem corporis beatae minus. (A/B)?,A/B,Hard,A,3,91
48,Nesciunt animi commodi ex provident maxime veritatis?,Multiple Choice,Intermediate,C,2,85
49,Repellendus nemo distinctio voluptatem ut. (A/B)?,A/B,Intermediate,A,2,89
50,Perspiciatis tempore tempore?,Multiple Choice,Easy,C,1,86
51,Expedita temporibus nihil sequi minima velit aspernatur. (A/B)?,A/B,Easy,A,1,40
52,Vel quidem asperiores pariatur. (A/B)?,A/B,Intermediate,B,2,70
53,Quibusdam aliquam in iste omnis sunt. (A/B)?,A/B,Intermediate,A,2,16
54,Eveniet ipsum earum sunt natus. (A/B)?,A/B,Easy,A,1,49
55,Autem voluptate aperiam. (A/B)?,A/B,Easy,A,1,50
56,Perferendis fugiat sit fugiat numquam doloremque?,Multiple Choice,Hard,A,3,17
57,Quae maiores sapiente qui cum?,Multiple Choice,Hard,C,3,29
58,Vero harum itaque facilis nulla porro tenetur?,Multiple Choice,Hard,B,3,25
59,Impedit debitis quasi. (A/B)?,A/B,Intermediate,A,2,97
60,Laudantium a omnis quo deleniti cum dolores molestias. (A/B)?,A/B,Intermediate,A,2,36
61,Nostrum doloremque repellat quaerat?,Multiple Choice,Easy,A,1,19
62,Non possimus beatae ipsam?,Multiple Choice,Easy,B,1,38
63,Possimus sit fugiat delectus rem. (A/B)?,A/B,Easy,A,1,18
64,Illo ut eligendi porro harum. (A/B)?,A/B,Hard,B,3,99
65,Error voluptas ullam unde nesciunt at. (A/B)?,A/B,Hard,A,3,64
66,Quo iure debitis accusantium ipsum?,Multiple Choice,Hard,D,3,16
67,Temporibus saepe officia sint dolore quisquam. (A/B)?,A/B,Hard,A,3,51
68,Eaque sunt debitis fugit id culpa. (A/B)?,A/B,Hard,B,3,69
69,Autem fugiat molestiae sit nisi. (A/B)?,A/B,Hard,B,3,91
70,Neque quae tempora autem aut minus. (A/B)?,A/B,Intermediate,A,2,43
71,Vitae sunt unde alias vel?,Multiple Choice,Intermediate,B,2,41
72,Aut laborum quam libero rerum maxime. (A/B)?,A/B,Hard,B,3,2
73,Laborum sit officia fugiat iusto rerum?,Multiple Choice,Intermediate,C,2,81
74,Natus pariatur neque culpa placeat iste. (A/B)?,A/B,Easy,A,1,98
75,Quo sequi voluptate magni eum unde enim corrupti. (A/B)?,A/B,Intermediate,B,2,59
76,Ex ipsa veritatis nesciunt nam?,Multiple Choice,Intermediate,A,2,17
77,Qui itaque unde iure adipisci ea commodi. (A/B)?,A/B,Easy,A,1,49
78,Quae vel nihil consequuntur. (A/B)?,A/B,Hard,A,3,50
79,Commodi hic ullam excepturi voluptatum numquam commodi sunt?,Multiple Choice,Easy,A,1,5
80,Qui incidunt vitae aliquid unde mollitia deserunt?,Multiple Choice,Hard,B,3,13
81,Reiciendis eveniet at numquam odio culpa maiores. (A/B)?,A/B,Easy,A,1,100
82,Rem consequuntur porro fugit. (A/B)?,A/B,Easy,A,1,95
83,Placeat pariatur voluptas inventore ex veniam. (A/B)?,A/B,Easy,A,1,32
84,Cumque quisquam voluptatum adipisci tempora tenetur quam eligendi?,Multiple Choice,Easy,A,1,37
85,Autem reprehenderit aliquam?,Multiple Choice,Intermediate,C,2,93
86,Doloremque temporibus voluptates quasi soluta quis. (A/B)?,A/B,Easy,B,1,76
87,Et rem quos harum aliquam ad vel. (A/B)?,A/B,Intermediate,B,2,65
88,Temporibus tempora deleniti quibusdam excepturi sapiente dolores. (A/B)?,A/B,Easy,A,1,14
89,Fuga quasi suscipit distinctio cupiditate mollitia magni?,Multiple Choice,Easy,C,1,78
90,Recusandae dolorum repellat. (A/B)?,A/B,Hard,B,3,98
91,Tenetur magnam asperiores. (A/B)?,A/B,Intermediate,A,2,19
92,Voluptatem possimus iure atque error sequi asperiores?,Multiple Choice,Intermediate,A,2,5
93,Illo recusandae placeat explicabo ratione nihil non. (A/B)?,A/B,Intermediate,B,2,10
94,Quis debitis animi quos?,Multiple Choice,Easy,D,1,30
95,Similique voluptas quae hic placeat voluptatibus. (A/B)?,A/B,Hard,B,3,13
96,Repudiandae nam maxime asperiores nobis commodi. (A/B)?,A/B,Easy,B,1,56
97,Odit accusantium nostrum odio similique tenetur. (A/B)?,A/B,Easy,B,1,11
98,Sunt ab odit illo quod magni consectetur. (A/B)?,A/B,Hard,A,3,58
99,Culpa distinctio vitae architecto. (A/B)?,A/B,Hard,B,3,72
100,Nisi id ratione quo incidunt perspiciatis. (A/B)?,A/B,Hard,B,3,46
101,Aliquid fuga rerum repellat itaque temporibus. (A/B)?,A/B,Intermediate,B,2,27
102,Totam minima minus nam ea doloremque id eaque. (A/B)?,A/B,Hard,A,3,87
103,Dolorum ipsum quod quo omnis. (A/B)?,A/B,Easy,A,1,28
104,Consequuntur delectus ea vitae quidem eos ab. (A/B)?,A/B,Easy,B,1,90
105,Distinctio dignissimos doloremque molestiae ea sapiente. (A/B)?,A/B,Hard,A,3,4
106,Officia nam molestias doloribus?,Multiple Choice,Easy,C,1,70
107,Consectetur aperiam blanditiis delectus quasi temporibus nihil officiis?,Multiple Choice,Hard,B,3,62
108,Eveniet corrupti necessitatibus modi. (A/B)?,A/B,Easy,A,1,39
109,Laudantium saepe reiciendis consectetur laudantium nemo?,Multiple Choice,Easy,C,1,91
110,Autem esse nemo quam officiis illum?,Multiple Choice,Intermediate,B,2,29
111,Voluptatem molestiae facere?,Multiple Choice,Hard,C,3,24
112,Quibusdam et deserunt suscipit. (A/B)?,A/B,Intermediate,A,2,88
113,Architecto neque delectus sequi aperiam culpa animi?,Multiple Choice,Easy,B,1,4
114,Veniam nulla ab animi enim omnis quo sunt?,Multiple Choice,Hard,C,3,50
115,Possimus dolor est expedita mollitia fugiat pariatur. (A/B)?,A/B,Intermediate,A,2,58
116,Ipsum nulla sapiente ipsa?,Multiple Choice,Hard,D,3,15
117,Minima temporibus minus repellat aliquam enim. (A/B)?,A/B,Hard,A,3,63
118,Soluta neque facilis quia enim?,Multiple Choice,Hard,A,3,28
119,Nobis sequi similique vero doloribus eveniet ex. (A/B)?,A/B,Easy,B,1,16
120,Porro suscipit cumque placeat incidunt quidem. (A/B)?,A/B,Hard,B,3,2
121,Laborum aliquam porro ullam aliquid. (A/B)?,A/B,Easy,A,1,83
122,Iusto blanditiis maxime corrupti. (A/B)?,A/B,Intermediate,B,2,57
123,Fugit reiciendis illo eligendi?,Multiple Choice,Hard,A,3,99
124,Nemo rerum id sunt?,Multiple Choice,Easy,C,1,50
125,Dolor soluta labore nostrum animi illo ut. (A/B)?,A/B,Hard,A,3,73
126,Provident quas hic expedita quia repudiandae aspernatur fugit?,Multiple Choice,Hard,D,3,41
127,Magni distinctio aut neque nisi?,Multiple Choice,Intermediate,C,2,49
128,Delectus non non optio dolorem molestias expedita. (A/B)?,A/B,Hard,A,3,23
129,Architecto deserunt quidem sit minus nesciunt assumenda. (A/B)?,A/B,Easy,A,1,43
130,Quasi praesentium magnam mollitia veniam blanditiis provident ducimus. (A/B)?,A/B,Easy,B,1,68
131,Natus error veniam numquam occaecati asperiores ratione eius. (A/B)?,A/B,Easy,A,1,7
132,Eligendi quas iure ratione officia perspiciatis eligendi modi. (A/B)?,A/B,Intermediate,A,2,95
133,Mollitia aut iure sapiente sit tempora sit?,Multiple Choice,Hard,D,3,45
134,Ad ipsa fugiat delectus itaque. (A/B)?,A/B,Easy,A,1,85
135,Voluptas iste debitis. (A/B)?,A/B,Intermediate,B,2,1
136,Nisi quas cum tempora tempore eum. (A/B)?,A/B,Hard,B,3,12
137,Nemo sunt vero quibusdam?,Multiple Choice,Hard,A,3,23
138,Nostrum ut odit ab. (A/B)?,A/B,Hard,A,3,16
139,Ut veritatis laboriosam quae doloribus hic alias. (A/B)?,A/B,Hard,A,3,69
140,Mollitia tempore fuga cupiditate unde possimus. (A/B)?,A/B,Hard,A,3,86
141,Voluptatibus recusandae suscipit eius perspiciatis. (A/B)?,A/B,Hard,A,3,78
142,Delectus porro assumenda dicta commodi fugit incidunt. (A/B)?,A/B,Intermediate,A,2,34
143,Itaque quas maxime nesciunt dolores voluptas. (A/B)?,A/B,Easy,A,1,84
144,Quidem et suscipit?,Multiple Choice,Easy,B,1,21
145,Officiis quaerat sint aspernatur quae id sequi. (A/B)?,A/B,Intermediate,A,2,84
146,Accusamus quos aut et omnis nihil. (A/B)?,A/B,Easy,A,1,71
147,Saepe temporibus reprehenderit ipsa ab quo. (A/B)?,A/B,Intermediate,B,2,29
148,Praesentium repudiandae suscipit quis molestias. (A/B)?,A/B,Intermediate,A,2,94
149,Quam omnis atque eos sit pariatur. (A/B)?,A/B,Intermediate,A,2,12
150,Aperiam temporibus libero temporibus nisi. (A/B)?,A/B,Easy,B,1,7
151,Nihil numquam consectetur?,Multiple Choice,Easy,C,1,58
152,Recusandae delectus incidunt aut aperiam. (A/B)?,A/B,Hard,B,3,93
153,Saepe esse eaque eaque ducimus. (A/B)?,A/B,Easy,B,1,89
154,Unde veniam beatae quia. (A/B)?,A/B,Easy,B,1,76
155,Non unde unde. (A/B)?,A/B,Hard,B,3,55
156,Possimus fugiat unde omnis eligendi doloribus. (A/B)?,A/B,Hard,A,3,35
157,Non dolor doloribus blanditiis quos. (A/B)?,A/B,Intermediate,A,2,3
158,Iure molestiae repudiandae iure dolorum eligendi tenetur. (A/B)?,A/B,Easy,B,1,96
159,Beatae autem iste nihil totam quasi laborum sunt. (A/B)?,A/B,Hard,B,3,18
160,Mollitia vero nihil maxime amet ipsam ab?,Multiple Choice,Intermediate,B,2,98
161,Temporibus explicabo voluptatem eligendi dignissimos nesciunt. (A/B)?,A/B,Intermediate,B,2,45
162,Quod dolores libero sint ex vitae corrupti. (A/B)?,A/B,Easy,B,1,42
163,Nisi quis facere sunt?,Multiple Choice,Intermediate,D,2,22
164,Et in sapiente architecto voluptatibus. (A/B)?,A/B,Hard,A,3,51
165,Eos est sed ea fugiat?,Multiple Choice,Easy,A,1,8
166,Quo ex aperiam ex vitae exercitationem nam dolorum. (A/B)?,A/B,Intermediate,A,2,51
167,Dolorem culpa eum laudantium fugiat laborum explicabo. (A/B)?,A/B,Hard,A,3,92
168,Veniam repellendus accusamus nisi ratione magnam eligendi incidunt. (A/B)?,A/B,Intermediate,B,2,24
169,Cum vitae ut. (A/B)?,A/B,Intermediate,A,2,53
170,Quo ad rem deleniti. (A/B)?,A/B,Intermediate,A,2,16
171,Nostrum officia sequi ipsam debitis consequuntur incidunt. (A/B)?,A/B,Easy,B,1,96
172,Odit aliquam excepturi eaque. (A/B)?,A/B,Hard,A,3,92
173,Illo a velit iure tempora repellendus sed. (A/B)?,A/B,Intermediate,A,2,91
174,Ea facilis soluta nulla voluptas. (A/B)?,A/B,Intermediate,B,2,47
175,Quasi et vel quos nam?,Multiple Choice,Intermediate,B,2,14
176,Possimus doloribus in. (A/B)?,A/B,Hard,A,3,20
177,Nobis repudiandae sint sit nemo. (A/B)?,A/B,Intermediate,B,2,83
178,Porro perferendis nobis porro. (A/B)?,A/B,Easy,A,1,31
179,Vitae consequuntur iste commodi non. (A/B)?,A/B,Hard,B,3,23
180,Atque illum amet harum consequatur sunt veritatis aut. (A/B)?,A/B,Easy,A,1,62
181,Eos provident atque soluta. (A/B)?,A/B,Easy,A,1,67
182,Aut et eveniet tempore. (A/B)?,A/B,Hard,B,3,50
183,Molestiae ratione eum autem. (A/B)?,A/B,Easy,A,1,92
184,Ratione aperiam voluptates exercitationem incidunt. (A/B)?,A/B,Hard,B,3,1
185,Consequatur qui doloribus. (A/B)?,A/B,Easy,B,1,29
186,Voluptatibus sint nesciunt eveniet minima eos unde. (A/B)?,A/B,Intermediate,A,2,22
187,Totam odio dolores earum distinctio est. (A/B)?,A/B,Intermediate,B,2,18
188,Tempora quas magni veritatis?,Multiple Choice,Hard,B,3,82
189,Commodi qui nisi officiis cumque error. (A/B)?,A/B,Intermediate,B,2,10
190,Nulla cum enim accusantium eius. (A/B)?,A/B,Intermediate,B,2,58
191,Fugiat eum saepe ducimus odio deserunt culpa?,Multiple Choice,Easy,C,1,99
192,Dolores totam illum reiciendis laboriosam voluptatum quaerat. (A/B)?,A/B,Easy,A,1,64
193,Aliquid ratione adipisci voluptate deserunt?,Multiple Choice,Hard,A,3,86
194,Molestias laborum incidunt. (A/B)?,A/B,Intermediate,B,2,35
195,Assumenda quo ad suscipit?,Multiple Choice,Intermediate,C,2,22
196,Minus totam optio numquam odio. (A/B)?,A/B,Easy,B,1,86
197,Molestiae soluta aperiam rem molestiae?,Multiple Choice,Hard,B,3,34
198,Placeat officia aspernatur. (A/B)?,A/B,Hard,B,3,35
199,Hic quasi animi molestias quod temporibus?,Multiple Choice,Hard,B,3,66
200,Reiciendis voluptates consequatur facilis?,Multiple Choice,Easy,D,1,87
201,Ex veritatis amet sequi enim?,Multiple Choice,Intermediate,C,2,68
202,Recusandae fuga fugit eos vitae mollitia laborum?,Multiple Choice,Hard,A,3,54
203,Reprehenderit earum recusandae iusto nemo maiores incidunt. (A/B)?,A/B,Intermediate,A,2,44
204,Nulla dignissimos architecto deleniti. (A/B)?,A/B,Easy,A,1,70
205,Unde odit laboriosam repellat velit nemo expedita. (A/B)?,A/B,Hard,B,3,60
206,Dolorum modi id. (A/B)?,A/B,Hard,A,3,57
207,Vel ratione quos fugiat delectus hic. (A/B)?,A/B,Intermediate,A,2,41
208,Alias doloremque et autem dolorem molestias. (A/B)?,A/B,Easy,A,1,17
209,Fuga rem saepe laudantium. (A/B)?,A/B,Easy,B,1,73
210,Repudiandae sunt magnam dicta blanditiis pariatur?,Multiple Choice,Hard,D,3,52
211,Harum nisi ipsam eius?,Multiple Choice,Easy,D,1,90
212,Aspernatur ullam explicabo consequuntur sint nemo quae?,Multiple Choice,Easy,A,1,76
213,Architecto vitae cumque illum labore repudiandae praesentium. (A/B)?,A/B,Intermediate,A,2,38
214,Ut modi minima aspernatur ea nisi expedita. (A/B)?,A/B,Intermediate,B,2,61
215,Dolores corrupti ea a omnis magnam nisi. (A/B)?,A/B,Hard,A,3,89
216,Maxime natus debitis culpa error. (A/B)?,A/B,Intermediate,A,2,37
217,Modi laborum iusto numquam deleniti minima earum?,Multiple Choice,Intermediate,D,2,32
218,Aliquam veritatis repellat. (A/B)?,A/B,Hard,A,3,50
219,Ipsam error ut distinctio minus officia?,Multiple Choice,Easy,B,1,20
220,Delectus blanditiis omnis. (A/B)?,A/B,Intermediate,B,2,94
221,Cupiditate quia dolorum cum id?,Multiple Choice,Intermediate,C,2,56
222,Ea ipsam perferendis corporis exercitationem qui natus harum. (A/B)?,A/B,Hard,A,3,94
223,Rem tempore ipsum. (A/B)?,A/B,Easy,A,1,51
224,Corporis quod repellendus nobis. (A/B)?,A/B,Intermediate,A,2,35
225,Cupiditate porro aliquid optio nihil sit. (A/B)?,A/B,Hard,A,3,69
226,Commodi nihil accusamus illum aperiam?,Multiple Choice,Intermediate,B,2,13
227,Corrupti quam fugiat facere sed in voluptas?,Multiple Choice,Easy,B,1,81
228,Hic facere voluptatem id ducimus. (A/B)?,A/B,Hard,A,3,62
229,Eligendi aperiam necessitatibus in recusandae consequatur cupiditate?,Multiple Choice,Intermediate,B,2,92
230,Numquam sunt distinctio accusamus explicabo aspernatur?,Multiple Choice,Easy,C,1,65
231,Sequi eaque voluptates facere minus?,Multiple Choice,Easy,D,1,79
232,Expedita ab alias dicta ipsam saepe?,Multiple Choice,Intermediate,D,2,37
233,Labore totam maxime quasi dolores maxime?,Multiple Choice,Easy,A,1,96
234,Inventore fugit maiores alias soluta magnam?,Multiple Choice,Hard,C,3,52
235,Deserunt quas iure voluptas. (A/B)?,A/B,Hard,B,3,11
236,Facere placeat qui non?,Multiple Choice,Hard,A,3,17
237,Sed cum praesentium aut porro ad blanditiis ratione. (A/B)?,A/B,Hard,A,3,75
238,Recusandae mollitia neque recusandae pariatur aspernatur harum. (A/B)?,A/B,Intermediate,B,2,90
239,Qui sit nobis debitis repudiandae. (A/B)?,A/B,Hard,B,3,57
240,Similique placeat accusantium. (A/B)?,A/B,Intermediate,B,2,64
241,Ratione maxime quam debitis omnis quibusdam?,Multiple Choice,Hard,A,3,12
242,Maiores quae laboriosam. (A/B)?,A/B,Hard,B,3,53
243,Suscipit optio nisi illo?,Multiple Choice,Hard,C,3,55
244,Reiciendis totam quod voluptates magnam doloribus ab. (A/B)?,A/B,Hard,B,3,84
245,Eius ducimus suscipit asperiores?,Multiple Choice,Hard,C,3,67
246,Quaerat perspiciatis rem eos vel sit beatae?,Multiple Choice,Easy,D,1,27
247,Cumque ducimus distinctio rem recusandae accusamus?,Multiple Choice,Hard,C,3,89
248,Inventore culpa sequi quo eligendi vero?,Multiple Choice,Hard,C,3,37
249,Earum consectetur illo provident natus?,Multiple Choice,Hard,C,3,28
250,Ducimus eaque assumenda. (A/B)?,A/B,Intermediate,A,2,30
251,Omnis ipsa dolore alias odio totam maiores. (A/B)?,A/B,Easy,A,1,89
252,Mollitia consequatur nihil quaerat velit eligendi. (A/B)?,A/B,Intermediate,B,2,26
253,Possimus adipisci nemo et illo consectetur?,Multiple Choice,Easy,B,1,79
254,Ratione similique omnis similique quidem dolorum?,Multiple Choice,Easy,A,1,31
255,Praesentium sapiente laudantium molestias explicabo enim nulla magnam?,Multiple Choice,Intermediate,C,2,65
256,Vitae quo occaecati ipsam doloribus pariatur. (A/B)?,A/B,Easy,B,1,24
257,Totam nihil vel architecto consequatur. (A/B)?,A/B,Easy,B,1,67
258,Labore ex harum dolorum. (A/B)?,A/B,Easy,A,1,14
259,Libero tenetur earum sapiente modi aliquid eius?,Multiple Choice,Intermediate,A,2,21
260,Eum a quae ut tempora quam ex. (A/B)?,A/B,Easy,A,1,40
261,Ea excepturi eos doloremque at dolorem excepturi animi. (A/B)?,A/B,Intermediate,A,2,29
262,Inventore doloribus excepturi saepe distinctio ratione voluptates impedit. (A/B)?,A/B,Hard,A,3,8
263,Quas consequuntur quibusdam aliquid culpa iste. (A/B)?,A/B,Intermediate,B,2,33
264,Officia ut porro quas. (A/B)?,A/B,Hard,B,3,47
265,Dicta molestiae fugit atque?,Multiple Choice,Easy,A,1,29
266,Quibusdam vero repellat sequi rerum. (A/B)?,A/B,Easy,B,1,96
267,Repellat illo nesciunt id?,Multiple Choice,Easy,A,1,38
268,Facilis animi laboriosam laboriosam rerum. (A/B)?,A/B,Hard,B,3,82
269,Eligendi cum fuga explicabo harum animi?,Multiple Choice,Hard,D,3,76
270,Consequuntur impedit itaque dignissimos?,Multiple Choice,Hard,C,3,65
271,Nam placeat pariatur quo?,Multiple Choice,Intermediate,D,2,15
272,Autem incidunt quod commodi et ut suscipit. (A/B)?,A/B,Intermediate,A,2,89
273,Sit consectetur eveniet autem eveniet veritatis?,Multiple Choice,Intermediate,A,2,35
274,Tempora distinctio id quia provident reiciendis?,Multiple Choice,Intermediate,C,2,58
275,Esse minus aliquam doloribus nihil incidunt harum. (A/B)?,A/B,Intermediate,A,2,26
276,Sit consectetur labore quam perspiciatis dignissimos voluptas. (A/B)?,A/B,Easy,B,1,20
277,Nemo sint ipsum illo ex sapiente. (A/B)?,A/B,Easy,B,1,24
278,Rerum accusamus inventore occaecati?,Multiple Choice,Hard,D,3,91
279,Temporibus occaecati omnis aut veniam ipsam. (A/B)?,A/B,Easy,A,1,3
280,Rem ea vero soluta at corrupti. (A/B)?,A/B,Intermediate,A,2,85
281,Nobis est quos explicabo. (A/B)?,A/B,Intermediate,A,2,49
282,Distinctio atque dignissimos quod quas nesciunt corrupti aspernatur. (A/B)?,A/B,Easy,B,1,66
283,Dicta iure hic sunt vel perspiciatis odit. (A/B)?,A/B,Hard,B,3,3
284,Saepe ut pariatur tenetur. (A/B)?,A/B,Hard,A,3,69
285,Repudiandae eligendi nihil nobis consequatur iure cum neque. (A/B)?,A/B,Easy,A,1,16
286,Atque quia architecto recusandae non. (A/B)?,A/B,Hard,A,3,100
287,Impedit repellat laborum ea veritatis magni?,Multiple Choice,Easy,A,1,40
288,Nesciunt iste a in ex. (A/B)?,A/B,Intermediate,A,2,30
289,Dolor id aliquid deleniti?,Multiple Choice,Intermediate,C,2,18
290,Excepturi animi libero sapiente eius. (A/B)?,A/B,Hard,A,3,48
291,Praesentium ea est soluta dolorem?,Multiple Choice,Hard,A,3,83
292,Perferendis maiores eius error laudantium praesentium corporis. (A/B)?,A/B,Easy,B,1,81
293,Molestias ratione neque eligendi voluptatem. (A/B)?,A/B,Easy,B,1,64
294,Molestias asperiores placeat non?,Multiple Choice,Intermediate,D,2,81
295,Rerum ullam dolor nobis ducimus amet. (A/B)?,A/B,Intermediate,A,2,21
296,Optio accusantium quos labore facilis in tempora sit. (A/B)?,A/B,Easy,A,1,54
297,Autem voluptatum dicta minima?,Multiple Choice,Hard,D,3,24
298,Tempore porro molestias porro. (A/B)?,A/B,Intermediate,A,2,53
299,Iure praesentium id laudantium expedita nostrum corporis esse. (A/B)?,A/B,Easy,A,1,19
300,Animi reiciendis expedita voluptates?,Multiple Choice,Hard,B,3,66
301,Error voluptas fuga tenetur. (A/B)?,A/B,Hard,A,3,57
302,Occaecati repellat et. (A/B)?,A/B,Hard,B,3,39
303,Error in consequuntur?,Multiple Choice,Intermediate,B,2,12
304,Officiis dolor iste beatae non possimus modi. (A/B)?,A/B,Intermediate,A,2,50
305,Tempore perspiciatis molestiae sed id?,Multiple Choice,Hard,C,3,42
306,Consequuntur perferendis earum eos eaque. (A/B)?,A/B,Easy,A,1,62
307,Aperiam asperiores repellat illo earum natus eum perspiciatis?,Multiple Choice,Easy,C,1,68
308,Nam repellat assumenda enim tenetur dolorum dolor optio. (A/B)?,A/B,Hard,B,3,70
309,Harum culpa eius consectetur ab. (A/B)?,A/B,Hard,B,3,83
310,Culpa rem doloribus neque asperiores?,Multiple Choice,Easy,A,1,89
311,Saepe totam inventore. (A/B)?,A/B,Intermediate,A,2,85
312,Beatae quo perferendis eligendi asperiores. (A/B)?,A/B,Intermediate,B,2,6
313,Quos deleniti architecto aperiam architecto?,Multiple Choice,Easy,A,1,2
314,Harum ad ad dolores facere consectetur corrupti. (A/B)?,A/B,Intermediate,B,2,88
315,Natus expedita sapiente?,Multiple Choice,Easy,B,1,11
316,Ducimus quasi quaerat quae earum impedit aut. (A/B)?,A/B,Intermediate,B,2,83
317,Minus placeat illum voluptatum?,Multiple Choice,Easy,D,1,9
318,Asperiores eveniet fugiat voluptatibus cum. (A/B)?,A/B,Intermediate,A,2,37
319,Accusamus in et id. (A/B)?,A/B,Intermediate,B,2,94
320,Numquam atque perferendis delectus?,Multiple Choice,Hard,B,3,62
321,Voluptatem ea porro voluptatem veniam a hic odio?,Multiple Choice,Easy,D,1,35
322,Voluptate eos odit sapiente. (A/B)?,A/B,Hard,B,3,32
323,Accusantium deleniti animi repellendus excepturi. (A/B)?,A/B,Intermediate,B,2,56
324,Veniam omnis saepe sapiente?,Multiple Choice,Intermediate,D,2,86
325,Quam natus veritatis fuga dicta praesentium?,Multiple Choice,Intermediate,B,2,33
326,Sint eveniet nam ratione impedit adipisci excepturi labore. (A/B)?,A/B,Easy,A,1,20
327,In autem voluptas rerum deleniti cupiditate commodi?,Multiple Choice,Hard,D,3,89
328,Dicta libero similique quae assumenda?,Multiple Choice,Intermediate,A,2,52
329,Impedit laborum beatae nobis. (A/B)?,A/B,Easy,A,1,21
330,Incidunt illo aliquid expedita sit quisquam. (A/B)?,A/B,Intermediate,B,2,46
331,Labore pariatur ipsa libero?,Multiple Choice,Intermediate,A,2,82
332,Unde perferendis suscipit sequi labore consectetur. (A/B)?,A/B,Easy,A,1,88
333,Rem quis soluta saepe earum incidunt rerum?,Multiple Choice,Easy,C,1,61
334,Corporis deserunt quas corporis eligendi molestias nemo. (A/B)?,A/B,Easy,B,1,37
335,Commodi rerum deleniti nulla excepturi sequi. (A/B)?,A/B,Hard,B,3,71
336,Magnam sequi omnis. (A/B)?,A/B,Hard,A,3,48
337,Facilis corporis voluptatem ex occaecati ipsam explicabo?,Multiple Choice,Intermediate,B,2,53
338,Assumenda magni autem?,Multiple Choice,Hard,B,3,10
339,Eveniet expedita quos qui?,Multiple Choice,Hard,C,3,48
340,Blanditiis expedita itaque inventore. (A/B)?,A/B,Intermediate,B,2,69
341,Praesentium tenetur eligendi eum at sed voluptatibus. (A/B)?,A/B,Hard,A,3,78
342,Enim quidem eius sequi?,Multiple Choice,Hard,C,3,73
343,Iure odio occaecati blanditiis delectus rem facere?,Multiple Choice,Easy,D,1,95
344,Officiis dolor quis illo possimus molestiae. (A/B)?,A/B,Hard,B,3,7
345,Deleniti odit autem. (A/B)?,A/B,Intermediate,B,2,42
346,Porro placeat ipsum. (A/B)?,A/B,Intermediate,B,2,68
347,Molestias explicabo assumenda nulla odio aut nostrum. (A/B)?,A/B,Intermediate,A,2,80
348,Sequi natus dolorum ex. (A/B)?,A/B,Hard,B,3,72
349,Unde veritatis ab veritatis vel sint quidem. (A/B)?,A/B,Intermediate,B,2,95
350,Repudiandae inventore eaque?,Multiple Choice,Hard,C,3,86
351,Quaerat eveniet inventore. (A/B)?,A/B,Intermediate,A,2,77
352,Quasi quod labore blanditiis omnis dolor. (A/B)?,A/B,Intermediate,B,2,8
353,Aperiam magni facilis nisi?,Multiple Choice,Easy,C,1,83
354,Occaecati repudiandae modi?,Multiple Choice,Easy,D,1,26
355,Quis quae omnis dolorum cum perspiciatis id?,Multiple Choice,Intermediate,C,2,41
356,Dignissimos harum officiis eveniet quasi recusandae cum?,Multiple Choice,Hard,A,3,13
357,Eius exercitationem beatae vel magni deserunt occaecati?,Multiple Choice,Easy,B,1,77
358,Illo debitis omnis nihil soluta. (A/B)?,A/B,Easy,B,1,73
359,Sed aut nostrum consequatur perferendis voluptate. (A/B)?,A/B,Intermediate,A,2,2
360,Porro laudantium nihil nam. (A/B)?,A/B,Hard,A,3,71
361,Consequatur eius distinctio nihil omnis. (A/B)?,A/B,Easy,A,1,62
362,Non aspernatur eligendi ex. (A/B)?,A/B,Hard,A,3,94
363,Soluta voluptatem nam accusamus vitae eligendi quas. (A/B)?,A/B,Easy,A,1,71
364,Amet corporis pariatur magnam ullam. (A/B)?,A/B,Easy,A,1,52
365,Porro quis corrupti. (A/B)?,A/B,Hard,A,3,44
366,Quod a necessitatibus deleniti?,Multiple Choice,Intermediate,C,2,84
367,Tempore deleniti laudantium voluptatibus quos nihil?,Multiple Choice,Intermediate,A,2,79
368,Non quae sequi tempora veritatis itaque. (A/B)?,A/B,Easy,B,1,88
369,Perferendis saepe beatae atque dignissimos libero. (A/B)?,A/B,Hard,A,3,3
370,Distinctio dolorem fuga doloremque pariatur aut tempora. (A/B)?,A/B,Easy,B,1,30
371,Qui voluptatibus necessitatibus?,Multiple Choice,Intermediate,C,2,26
372,Veniam iure voluptate nam voluptate exercitationem veniam ad. (A/B)?,A/B,Hard,B,3,66
373,Harum odit blanditiis maxime repudiandae quaerat. (A/B)?,A/B,Intermediate,A,2,19
374,Odio recusandae doloribus tempora ad facere esse accusantium. (A/B)?,A/B,Easy,A,1,7
375,Qui non at officia?,Multiple Choice,Intermediate,A,2,62
376,Nobis deleniti deserunt voluptate odit at esse. (A/B)?,A/B,Hard,B,3,9
377,Sequi quidem nostrum nemo eveniet?,Multiple Choice,Intermediate,B,2,17
378,Maxime eius tenetur laboriosam mollitia?,Multiple Choice,Intermediate,A,2,90
379,Aliquam explicabo ipsam repellat laborum reiciendis repellat?,Multiple Choice,Intermediate,B,2,95
380,Enim aut natus sit magnam accusantium animi?,Multiple Choice,Easy,B,1,8
381,Recusandae alias unde maiores harum?,Multiple Choice,Intermediate,A,2,63
382,Commodi voluptatum dolorum dolor eaque. (A/B)?,A/B,Easy,A,1,31
383,Culpa iure tempora quidem est amet illo. (A/B)?,A/B,Easy,A,1,13
384,Occaecati nostrum architecto hic ea doloremque possimus?,Multiple Choice,Easy,B,1,43
385,Repellendus consequuntur itaque voluptas tempore. (A/B)?,A/B,Easy,B,1,79
386,Voluptas iste reprehenderit quas dolores delectus. (A/B)?,A/B,Easy,A,1,3
387,Nulla reiciendis maiores iure assumenda nostrum incidunt?,Multiple Choice,Hard,B,3,43
388,Repellendus dolore exercitationem laborum doloribus aspernatur?,Multiple Choice,Easy,C,1,70
389,Aspernatur magnam delectus autem sit nihil?,Multiple Choice,Hard,D,3,1
390,Ut porro illum saepe nisi fugiat totam. (A/B)?,A/B,Hard,A,3,8
391,Ratione eum neque nemo. (A/B)?,A/B,Hard,B,3,24
392,Quod harum dolorum vero iure sequi ipsam accusamus?,Multiple Choice,Hard,A,3,21
393,Repudiandae nostrum nesciunt amet quos. (A/B)?,A/B,Intermediate,B,2,49
394,Hic quos ea nihil eligendi. (A/B)?,A/B,Intermediate,B,2,26
395,Repellat optio illo est excepturi. (A/B)?,A/B,Easy,B,1,12
396,Eum facere maxime accusantium?,Multiple Choice,Easy,D,1,78
397,Harum hic est distinctio adipisci architecto necessitatibus. (A/B)?,A/B,Hard,A,3,92
398,Eligendi facere accusamus tempora hic provident illum. (A/B)?,A/B,Easy,B,1,6
399,Ipsum fugiat molestias quos saepe error?,Multiple Choice,Hard,B,3,19
400,Fuga odio earum perferendis eius voluptatum quae. (A/B)?,A/B,Hard,A,3,12
401,Perferendis consequatur cupiditate alias cumque. (A/B)?,A/B,Intermediate,B,2,100
402,Esse ab reiciendis. (A/B)?,A/B,Intermediate,B,2,49
403,Laboriosam fugit magni incidunt animi ab labore quaerat. (A/B)?,A/B,Hard,A,3,51
404,Numquam minima similique iusto sapiente aperiam officiis. (A/B)?,A/B,Easy,B,1,66
405,Similique cum corporis culpa ipsum esse?,Multiple Choice,Easy,C,1,33
406,Est repellat sapiente ducimus quos culpa maiores?,Multiple Choice,Intermediate,D,2,29
407,Doloribus excepturi facilis doloremque optio omnis. (A/B)?,A/B,Hard,B,3,81
408,Velit corporis ad nihil libero?,Multiple Choice,Hard,C,3,87
409,Ipsa libero dolor architecto cum magni ab. (A/B)?,A/B,Easy,B,1,99
410,Eum quo odio accusantium aperiam voluptatibus praesentium?,Multiple Choice,Easy,D,1,42
411,Suscipit non molestias excepturi ea magnam autem. (A/B)?,A/B,Hard,A,3,74
412,Inventore molestiae dignissimos nesciunt voluptas?,Multiple Choice,Easy,B,1,54
413,Iste recusandae eius eos iusto?,Multiple Choice,Hard,C,3,38
414,Unde ducimus fuga temporibus deleniti nihil officiis?,Multiple Choice,Intermediate,C,2,51
415,Vel optio provident dolor nostrum amet. (A/B)?,A/B,Hard,B,3,61
416,Facilis eaque magni quasi. (A/B)?,A/B,Intermediate,B,2,99
417,Commodi minima eos quisquam molestiae. (A/B)?,A/B,Hard,A,3,64
418,Ex labore dolorum nihil error molestias nesciunt. (A/B)?,A/B,Intermediate,A,2,5
419,Dolore reiciendis quae quam nesciunt similique nulla?,Multiple Choice,Hard,A,3,25
420,Illum praesentium magnam quas sint nisi. (A/B)?,A/B,Easy,B,1,34
421,Tenetur temporibus sunt rerum eius quisquam. (A/B)?,A/B,Easy,A,1,95
422,Tempora fugiat ipsam laudantium praesentium distinctio. (A/B)?,A/B,Hard,A,3,34
423,Ex id eius. (A/B)?,A/B,Intermediate,B,2,89
424,Ipsam deserunt excepturi?,Multiple Choice,Easy,A,1,49
425,Numquam nobis dolorum ullam doloremque ab?,Multiple Choice,Hard,D,3,16
426,Nam velit enim quasi necessitatibus nisi rerum?,Multiple Choice,Hard,A,3,64
427,Rem quia earum illo laborum et. (A/B)?,A/B,Hard,B,3,65
428,Debitis nemo quae. (A/B)?,A/B,Easy,A,1,14
429,Repellendus nihil odio iste. (A/B)?,A/B,Hard,B,3,85
430,Est sint illum deleniti accusantium fugit ex. (A/B)?,A/B,Easy,B,1,90
431,Id laboriosam repudiandae doloribus asperiores repudiandae. (A/B)?,A/B,Easy,B,1,82
432,Corrupti a doloribus consequatur ut iste. (A/B)?,A/B,Easy,B,1,78
433,Eveniet cumque adipisci libero iusto animi occaecati quibusdam?,Multiple Choice,Intermediate,D,2,36
434,Quasi laudantium libero quos nostrum. (A/B)?,A/B,Easy,A,1,44
435,Rem praesentium nihil dolorum. (A/B)?,A/B,Easy,B,1,56
436,Aperiam ullam rem ad ad officia aliquam voluptatibus. (A/B)?,A/B,Easy,B,1,27
437,Sed officia quisquam neque?,Multiple Choice,Hard,C,3,31
438,Dolores quo commodi quidem nemo ad. (A/B)?,A/B,Intermediate,B,2,89
439,Repudiandae occaecati mollitia repellendus fugiat cumque molestiae?,Multiple Choice,Easy,B,1,76
440,Dolorum aspernatur fuga natus voluptates. (A/B)?,A/B,Hard,B,3,100
441,Inventore atque natus debitis ipsum earum. (A/B)?,A/B,Hard,A,3,99
442,Aliquid reprehenderit vero officiis explicabo?,Multiple Choice,Intermediate,A,2,20
443,Optio dignissimos hic architecto veniam. (A/B)?,A/B,Easy,B,1,49
444,Autem saepe harum eaque minima deserunt. (A/B)?,A/B,Hard,B,3,15
445,Commodi deleniti earum enim inventore. (A/B)?,A/B,Hard,B,3,78
446,Nisi ea dolore sapiente suscipit iusto. (A/B)?,A/B,Intermediate,B,2,2
447,Dolores quia libero porro tenetur repellat eaque repudiandae?,Multiple Choice,Intermediate,A,2,44
448,Reprehenderit illo reiciendis perferendis veritatis. (A/B)?,A/B,Hard,B,3,3
449,Velit culpa dolorem a?,Multiple Choice,Intermediate,B,2,48
450,Magnam odit consequuntur minima?,Multiple Choice,Easy,D,1,18
451,Optio sapiente natus et tempore placeat ipsam. (A/B)?,A/B,Easy,B,1,59
452,Nobis officia perferendis neque. (A/B)?,A/B,Easy,B,1,52
453,Maiores dolorem aliquam earum dolore ab. (A/B)?,A/B,Easy,B,1,10
454,Aut veritatis sed quos aspernatur. (A/B)?,A/B,Hard,B,3,7
455,Similique dicta consequatur qui quis?,Multiple Choice,Easy,C,1,72
456,Fugit neque dolores voluptas fugit. (A/B)?,A/B,Hard,B,3,31
457,Dolores dolor consectetur quam adipisci natus temporibus. (A/B)?,A/B,Hard,B,3,45
458,Vero voluptas nisi sint at ducimus. (A/B)?,A/B,Easy,B,1,100
459,Libero illo odit rerum delectus excepturi non?,Multiple Choice,Hard,B,3,84
460,Dolores magnam eius laudantium. (A/B)?,A/B,Hard,B,3,98
461,Quasi rem quasi sequi. (A/B)?,A/B,Intermediate,B,2,34
462,Minima eaque dolor temporibus possimus quae?,Multiple Choice,Easy,B,1,97
463,Expedita vel earum alias excepturi?,Multiple Choice,Easy,C,1,26
464,Maxime unde blanditiis quos qui minima dolorum. (A/B)?,A/B,Easy,A,1,57
465,Expedita optio numquam harum ipsam omnis optio. (A/B)?,A/B,Intermediate,B,2,60
466,Mollitia et ea sunt aperiam suscipit harum. (A/B)?,A/B,Hard,A,3,77
467,Recusandae quae quasi necessitatibus voluptate. (A/B)?,A/B,Hard,B,3,28
468,Nisi similique quibusdam aliquam. (A/B)?,A/B,Intermediate,A,2,61
469,Corporis quaerat nulla est?,Multiple Choice,Intermediate,C,2,40
470,Fugit assumenda ex adipisci. (A/B)?,A/B,Hard,A,3,7
471,Minus dolorem occaecati quis sit fugiat. (A/B)?,A/B,Hard,A,3,51
472,Amet facilis illum pariatur repellat. (A/B)?,A/B,Hard,A,3,33
473,Eos culpa voluptas in quasi. (A/B)?,A/B,Intermediate,A,2,47
474,Unde soluta a dignissimos esse doloribus tempore. (A/B)?,A/B,Hard,B,3,44
475,Temporibus error commodi expedita?,Multiple Choice,Intermediate,B,2,42
476,In praesentium quasi nisi quibusdam ut suscipit?,Multiple Choice,Easy,A,1,3
477,Tempore soluta commodi magnam?,Multiple Choice,Hard,D,3,30
478,Maxime ab dolor facere. (A/B)?,A/B,Intermediate,B,2,85
479,Nostrum quaerat illum vitae vero possimus voluptatem?,Multiple Choice,Easy,D,1,30
480,Dicta numquam tempora eaque ipsa necessitatibus est sequi. (A/B)?,A/B,Hard,B,3,70
481,Sed tempora aliquam nesciunt animi. (A/B)?,A/B,Easy,B,1,49
482,Accusamus beatae voluptatem quasi quasi voluptatibus. (A/B)?,A/B,Hard,A,3,90
483,Nihil quam esse molestias blanditiis pariatur. (A/B)?,A/B,Easy,B,1,11
484,Aliquam cupiditate ex fugit id nesciunt repudiandae quod. (A/B)?,A/B,Intermediate,A,2,64
485,Perspiciatis fugit assumenda voluptas. (A/B)?,A/B,Intermediate,B,2,52
486,Facilis odio fugiat quidem fugiat tempore accusantium?,Multiple Choice,Hard,B,3,5
487,Inventore est neque laboriosam adipisci explicabo. (A/B)?,A/B,Hard,A,3,47
488,Autem quaerat deserunt ab. (A/B)?,A/B,Intermediate,B,2,55
489,Iusto ducimus debitis quam perspiciatis quae natus?,Multiple Choice,Intermediate,D,2,23
490,Molestias velit ducimus dolorum. (A/B)?,A/B,Easy,A,1,14
491,Ex repudiandae quisquam ipsum voluptatum ullam iure?,Multiple Choice,Easy,B,1,28
492,Libero alias mollitia molestiae nesciunt id. (A/B)?,A/B,Intermediate,B,2,19
493,Nulla non atque. (A/B)?,A/B,Easy,A,1,67
494,Odit quas illum molestias voluptatibus architecto dolorem. (A/B)?,A/B,Hard,A,3,50
495,Quo unde ex dolorem. (A/B)?,A/B,Hard,B,3,4
496,Ex illo earum rem totam accusamus dicta. (A/B)?,A/B,Hard,B,3,41
497,Soluta illum ipsa magnam adipisci maxime soluta?,Multiple Choice,Hard,B,3,77
498,Optio delectus vel modi iusto provident similique possimus. (A/B)?,A/B,Easy,B,1,17
499,Explicabo adipisci eius quibusdam?,Multiple Choice,Hard,A,3,73
500,Optio delectus facilis quasi laudantium neque quisquam. (A/B)?,A/B,Hard,B,3,45
501,Tenetur nisi libero architecto?,Multiple Choice,Easy,D,1,39
502,Voluptatum quo modi illum vel est repudiandae repellat. (A/B)?,A/B,Intermediate,B,2,53
503,Laudantium quasi earum nisi?,Multiple Choice,Intermediate,A,2,40
504,Sequi magni eligendi error corporis repellendus. (A/B)?,A/B,Hard,B,3,55
505,Consequatur autem optio necessitatibus magni. (A/B)?,A/B,Intermediate,A,2,56
506,Ipsam cumque ex necessitatibus eum ab minus?,Multiple Choice,Easy,D,1,16
507,Excepturi quae tempora sunt?,Multiple Choice,Easy,A,1,67
508,Laboriosam debitis expedita facere?,Multiple Choice,Intermediate,A,2,13
509,Commodi voluptatibus itaque ullam perspiciatis unde sunt. (A/B)?,A/B,Easy,A,1,59
510,Dolores illo eos necessitatibus facilis facilis facere?,Multiple Choice,Easy,B,1,99
511,Unde minima veritatis esse officiis quas repellat. (A/B)?,A/B,Easy,A,1,62
512,Quas quis cumque enim quia. (A/B)?,A/B,Hard,B,3,55
513,Facilis dicta voluptatibus omnis distinctio ipsum?,Multiple Choice,Intermediate,D,2,69
514,Dolorum dolor quia eligendi. (A/B)?,A/B,Intermediate,B,2,85
515,Iure sunt nam nihil iusto enim at iste. (A/B)?,A/B,Intermediate,B,2,15
516,Consectetur adipisci dolorem ex perferendis repudiandae mollitia quod. (A/B)?,A/B,Easy,B,1,63
517,Optio quidem minima asperiores. (A/B)?,A/B,Intermediate,A,2,83
518,Sunt ad quam velit aperiam in?,Multiple Choice,Easy,D,1,53
519,Corrupti totam error assumenda optio illum quod. (A/B)?,A/B,Hard,A,3,96
520,Molestiae debitis inventore fugiat ex. (A/B)?,A/B,Hard,B,3,31
521,Optio vel aliquid similique aspernatur?,Multiple Choice,Easy,B,1,24
522,Optio magni in alias. (A/B)?,A/B,Intermediate,A,2,36
523,Praesentium perspiciatis labore in?,Multiple Choice,Hard,B,3,81
524,Magni rerum fuga aliquid voluptate sint?,Multiple Choice,Intermediate,A,2,25
525,Enim distinctio quos inventore odio. (A/B)?,A/B,Intermediate,A,2,76
526,Fuga quibusdam maxime quidem fuga enim. (A/B)?,A/B,Hard,B,3,60
527,Maxime fugiat nobis voluptatibus nisi quae officiis. (A/B)?,A/B,Hard,B,3,2
528,Soluta dolor ratione quo itaque voluptates ab. (A/B)?,A/B,Easy,B,1,87
529,Sit velit ipsam ipsum porro dolorum?,Multiple Choice,Hard,A,3,79
530,Deserunt voluptatem eligendi nobis sed accusantium excepturi consectetur. (A/B)?,A/B,Intermediate,B,2,95
531,Voluptas at est at blanditiis?,Multiple Choice,Intermediate,A,2,88
532,Distinctio ea voluptatum veniam ipsum. (A/B)?,A/B,Intermediate,B,2,59
533,Ipsam ullam assumenda dicta impedit eligendi officiis. (A/B)?,A/B,Hard,A,3,17
534,Nesciunt impedit assumenda. (A/B)?,A/B,Intermediate,A,2,59
535,Nesciunt reprehenderit unde nostrum?,Multiple Choice,Hard,A,3,51
536,Odit hic facilis repellendus placeat porro. (A/B)?,A/B,Hard,A,3,45
537,Corporis praesentium perferendis aperiam deserunt libero alias?,Multiple Choice,Easy,C,1,54
538,Eius quidem earum in quisquam suscipit. (A/B)?,A/B,Intermediate,A,2,60
539,Quos laborum rem nihil?,Multiple Choice,Hard,C,3,86
540,Quasi nostrum tempore aliquam quisquam temporibus. (A/B)?,A/B,Easy,A,1,7
541,Mollitia officia distinctio expedita fugiat. (A/B)?,A/B,Intermediate,B,2,85
542,Cupiditate ex excepturi consectetur. (A/B)?,A/B,Easy,A,1,62
543,Vel aperiam facilis. (A/B)?,A/B,Hard,B,3,100
544,Maxime soluta eaque molestiae. (A/B)?,A/B,Easy,A,1,86
545,Minus quas dolore qui itaque modi. (A/B)?,A/B,Intermediate,A,2,93
546,Quae soluta sit ab qui reiciendis laboriosam. (A/B)?,A/B,Hard,A,3,91
547,Aperiam inventore neque cumque?,Multiple Choice,Hard,A,3,84
548,Quos expedita iure?,Multiple Choice,Easy,D,1,34
549,Perferendis quos aut nostrum laboriosam. (A/B)?,A/B,Easy,B,1,47
550,Voluptas nihil nisi similique laboriosam hic. (A/B)?,A/B,Hard,A,3,65
551,Maxime porro numquam nulla?,Multiple Choice,Hard,D,3,73
552,Beatae et tempore nihil ipsa. (A/B)?,A/B,Easy,A,1,81
553,Totam doloribus libero cumque. (A/B)?,A/B,Intermediate,B,2,46
554,Saepe eius laborum et molestiae. (A/B)?,A/B,Hard,B,3,52
555,Sed expedita deserunt cupiditate iure?,Multiple Choice,Easy,B,1,36
556,Minima voluptatum sunt placeat blanditiis. (A/B)?,A/B,Hard,B,3,97
557,Atque voluptates doloremque. (A/B)?,A/B,Intermediate,B,2,31
558,Dignissimos vel voluptatem nihil mollitia ut ducimus. (A/B)?,A/B,Hard,A,3,84
559,Laboriosam quam earum deleniti totam. (A/B)?,A/B,Easy,B,1,97
560,Et commodi voluptatum earum?,Multiple Choice,Intermediate,C,2,84
561,Laboriosam tempora necessitatibus exercitationem. (A/B)?,A/B,Hard,A,3,20
562,Laborum aliquid reiciendis magni vitae?,Multiple Choice,Easy,A,1,81
563,Architecto possimus minima enim accusamus maiores. (A/B)?,A/B,Easy,B,1,83
564,Ad alias dolore eligendi. (A/B)?,A/B,Hard,A,3,26
565,Porro eveniet excepturi cupiditate ullam laboriosam?,Multiple Choice,Hard,B,3,4
566,Adipisci autem enim blanditiis hic aperiam. (A/B)?,A/B,Easy,A,1,26
567,Quasi corporis sapiente suscipit suscipit quaerat. (A/B)?,A/B,Intermediate,A,2,22
568,Odit consequatur harum officiis laboriosam iusto quidem rem. (A/B)?,A/B,Hard,B,3,83
569,Magni dolorum fugiat exercitationem eius vero. (A/B)?,A/B,Hard,B,3,35
570,Tenetur consectetur sapiente sequi. (A/B)?,A/B,Hard,A,3,66
571,Fugit officiis nihil placeat totam?,Multiple Choice,Intermediate,D,2,8
572,Quam dolore excepturi totam iste velit laborum. (A/B)?,A/B,Hard,B,3,39
573,Dignissimos fuga id fugiat nemo est?,Multiple Choice,Intermediate,A,2,90
574,Aut rerum voluptates minus repudiandae assumenda vel nesciunt?,Multiple Choice,Intermediate,C,2,41
575,Doloremque ad provident praesentium corrupti laborum. (A/B)?,A/B,Hard,B,3,1
576,Voluptatum rem cupiditate?,Multiple Choice,Intermediate,B,2,27
577,Architecto ad velit in consectetur eaque nesciunt. (A/B)?,A/B,Hard,B,3,63
578,Et nostrum consectetur quibusdam voluptate pariatur nesciunt. (A/B)?,A/B,Hard,A,3,55
579,Explicabo similique quam dicta?,Multiple Choice,Easy,A,1,10
580,Debitis doloribus explicabo. (A/B)?,A/B,Hard,A,3,46
581,Nesciunt consectetur molestias quo accusantium beatae in. (A/B)?,A/B,Intermediate,A,2,75
582,Aliquid necessitatibus deleniti hic?,Multiple Choice,Hard,A,3,57
583,Deserunt beatae praesentium enim aut esse. (A/B)?,A/B,Easy,B,1,8
584,Dicta dolor tempore impedit recusandae. (A/B)?,A/B,Easy,A,1,60
585,Commodi ab enim id accusamus at?,Multiple Choice,Intermediate,A,2,6
586,Sit id perspiciatis dignissimos quos. (A/B)?,A/B,Intermediate,A,2,91
587,Facilis consequatur aliquid possimus. (A/B)?,A/B,Intermediate,B,2,32
588,Voluptatem et temporibus quis doloribus tenetur minima. (A/B)?,A/B,Easy,B,1,64
589,Ducimus qui neque?,Multiple Choice,Easy,C,1,71
590,At nihil dolorum alias. (A/B)?,A/B,Intermediate,B,2,97
591,Recusandae aspernatur perspiciatis repellat id. (A/B)?,A/B,Intermediate,B,2,10
592,Quibusdam tempora aperiam fugiat laborum. (A/B)?,A/B,Easy,B,1,38
593,Facere ab cumque et quidem quae tempore. (A/B)?,A/B,Easy,A,1,63
594,Quaerat error delectus corrupti eveniet laborum. (A/B)?,A/B,Easy,A,1,37
595,Id id libero laudantium expedita. (A/B)?,A/B,Intermediate,B,2,35
596,Laboriosam earum occaecati repellat suscipit in?,Multiple Choice,Intermediate,D,2,40
597,Illo nam non sit. (A/B)?,A/B,Hard,A,3,6
598,Ipsa voluptas dicta amet praesentium ullam. (A/B)?,A/B,Hard,A,3,1
599,Saepe eligendi minima quae libero. (A/B)?,A/B,Intermediate,A,2,59
600,Iusto tempora dolor earum pariatur. (A/B)?,A/B,Hard,A,3,75
601,Amet dignissimos nemo. (A/B)?,A/B,Hard,B,3,73
602,Ullam debitis commodi maxime non quibusdam. (A/B)?,A/B,Intermediate,B,2,33
603,Molestias aspernatur quod magni. (A/B)?,A/B,Hard,B,3,45
604,Impedit necessitatibus unde. (A/B)?,A/B,Intermediate,B,2,2
605,At expedita tempora facilis?,Multiple Choice,Intermediate,A,2,11
606,Illo ab ipsa amet quod. (A/B)?,A/B,Intermediate,A,2,86
607,Dolore sint tenetur explicabo dolorum exercitationem quas. (A/B)?,A/B,Intermediate,A,2,51
608,Qui nulla explicabo voluptate in. (A/B)?,A/B,Easy,B,1,88
609,Soluta pariatur maiores doloremque nostrum iure?,Multiple Choice,Hard,C,3,66
610,Iusto vitae eligendi quia facilis nihil?,Multiple Choice,Hard,A,3,5
611,Quo suscipit amet voluptate repellat tenetur voluptatibus id. (A/B)?,A/B,Hard,A,3,25
612,Vel est vero voluptatibus. (A/B)?,A/B,Intermediate,B,2,25
613,Nobis optio esse corrupti quam. (A/B)?,A/B,Hard,A,3,6
614,Voluptatum neque nihil ratione exercitationem sint. (A/B)?,A/B,Easy,B,1,56
615,Ea recusandae dolores magnam?,Multiple Choice,Hard,D,3,5
616,Laborum qui praesentium vel reiciendis eligendi dolore est. (A/B)?,A/B,Easy,A,1,23
617,Quasi in ullam?,Multiple Choice,Hard,D,3,25
618,Iusto nam magnam quibusdam cupiditate. (A/B)?,A/B,Hard,A,3,13
619,In ut animi animi fuga dignissimos. (A/B)?,A/B,Easy,B,1,13
620,Eos nemo delectus explicabo tenetur asperiores?,Multiple Choice,Intermediate,A,2,94
621,Autem ut harum itaque pariatur itaque. (A/B)?,A/B,Easy,B,1,52
622,Quae dicta minima aut incidunt corrupti?,Multiple Choice,Hard,C,3,90
623,Laborum placeat deserunt accusamus qui. (A/B)?,A/B,Easy,A,1,62
624,Hic blanditiis repellendus deserunt eius eligendi nesciunt?,Multiple Choice,Easy,D,1,95
625,Fugiat unde vel quibusdam. (A/B)?,A/B,Easy,A,1,93
626,Animi hic id dolor aliquid voluptas nostrum. (A/B)?,A/B,Intermediate,B,2,66
627,Corporis nesciunt ab fugiat tempora pariatur distinctio eos?,Multiple Choice,Easy,B,1,50
628,Minus voluptatem ut beatae. (A/B)?,A/B,Easy,A,1,36
629,Beatae commodi odio. (A/B)?,A/B,Intermediate,B,2,54
630,Suscipit animi ipsum illum nam accusamus. (A/B)?,A/B,Intermediate,A,2,87
631,Excepturi perferendis amet sapiente provident velit ab?,Multiple Choice,Hard,A,3,16
632,Id aut repellat assumenda optio cupiditate?,Multiple Choice,Hard,C,3,81
633,Porro unde hic quasi neque ea minus?,Multiple Choice,Intermediate,B,2,63
634,Nisi officia consectetur eos eligendi repellendus?,Multiple Choice,Intermediate,C,2,21
635,Quaerat exercitationem veniam delectus tempore suscipit?,Multiple Choice,Hard,C,3,3
636,Sint quisquam at ullam repudiandae praesentium alias. (A/B)?,A/B,Intermediate,A,2,43
637,Cupiditate eaque sapiente ipsam ducimus. (A/B)?,A/B,Easy,A,1,5
638,Inventore quasi tenetur repellat eos culpa?,Multiple Choice,Easy,B,1,64
639,Eum natus impedit exercitationem porro autem?,Multiple Choice,Hard,C,3,21
640,Fuga eius labore. (A/B)?,A/B,Easy,A,1,24
641,Perferendis voluptates inventore. (A/B)?,A/B,Intermediate,B,2,93
642,Quisquam error quos quibusdam voluptate. (A/B)?,A/B,Hard,B,3,93
643,Commodi pariatur sequi ex itaque. (A/B)?,A/B,Easy,B,1,76
644,Ad ipsa et quam doloribus accusantium sunt repellendus?,Multiple Choice,Easy,A,1,41
645,Odit nemo nihil quos nisi. (A/B)?,A/B,Easy,A,1,95
646,Aut consequuntur quidem?,Multiple Choice,Hard,D,3,61
647,Tempore voluptatibus nihil corrupti. (A/B)?,A/B,Easy,A,1,46
648,Beatae voluptates delectus quibusdam. (A/B)?,A/B,Easy,A,1,77
649,Nam dolorem eligendi esse mollitia rerum repellendus?,Multiple Choice,Intermediate,D,2,26
650,Quisquam provident molestias hic. (A/B)?,A/B,Easy,A,1,41
651,Iure beatae suscipit placeat?,Multiple Choice,Easy,B,1,71
652,Velit necessitatibus nobis minus maxime minima. (A/B)?,A/B,Hard,A,3,40
653,Quibusdam maxime voluptates enim. (A/B)?,A/B,Easy,B,1,26
654,Accusamus corrupti minima necessitatibus cum tempora aut. (A/B)?,A/B,Easy,A,1,80
655,Dolores sequi asperiores nesciunt. (A/B)?,A/B,Easy,A,1,72
656,Eius omnis explicabo qui. (A/B)?,A/B,Easy,B,1,71
657,A repellat ad repellendus. (A/B)?,A/B,Easy,B,1,51
658,Repudiandae dolore temporibus delectus?,Multiple Choice,Easy,C,1,33
659,Deleniti eligendi soluta nihil aperiam sint vitae aperiam. (A/B)?,A/B,Hard,A,3,1
660,Suscipit voluptatum autem cum ratione hic. (A/B)?,A/B,Easy,A,1,7
661,Earum repudiandae amet fugit adipisci iusto. (A/B)?,A/B,Intermediate,B,2,23
662,Aliquid eligendi nihil error doloribus dolor id. (A/B)?,A/B,Hard,B,3,72
663,Temporibus perspiciatis omnis vitae accusamus consectetur. (A/B)?,A/B,Hard,B,3,46
664,Tempore voluptates quo rerum fuga nisi voluptas modi?,Multiple Choice,Hard,A,3,46
665,Nesciunt dicta excepturi iste laboriosam. (A/B)?,A/B,Intermediate,B,2,61
666,Optio illo similique aliquam nemo. (A/B)?,A/B,Hard,B,3,93
667,Aliquid accusantium ipsa debitis sit accusamus aut. (A/B)?,A/B,Intermediate,A,2,4
668,Quam voluptates facilis hic inventore illo neque. (A/B)?,A/B,Intermediate,A,2,55
669,Rem ullam architecto. (A/B)?,A/B,Hard,B,3,70
670,Rem fuga quas temporibus quae veritatis fuga?,Multiple Choice,Easy,D,1,63
671,Nostrum doloribus animi sequi?,Multiple Choice,Hard,C,3,53
672,Nostrum sequi consequatur pariatur. (A/B)?,A/B,Intermediate,A,2,77
673,Aliquid illo facere quia. (A/B)?,A/B,Hard,B,3,77
674,Voluptatem commodi atque odit ipsum ipsum doloribus rerum. (A/B)?,A/B,Hard,B,3,99
675,Fugiat delectus enim repudiandae odit. (A/B)?,A/B,Intermediate,B,2,12
676,Accusamus molestias animi natus dignissimos pariatur. (A/B)?,A/B,Intermediate,B,2,79
677,Iusto nihil id laudantium commodi. (A/B)?,A/B,Intermediate,A,2,32
678,Ratione consectetur possimus. (A/B)?,A/B,Intermediate,A,2,2
679,Quas beatae impedit porro. (A/B)?,A/B,Intermediate,B,2,12
680,Occaecati a sunt eligendi doloribus omnis. (A/B)?,A/B,Easy,A,1,87
681,Cum dolorum ducimus cum porro dolor?,Multiple Choice,Hard,A,3,42
682,Enim distinctio dignissimos delectus dicta nulla assumenda. (A/B)?,A/B,Intermediate,B,2,30
683,Eum eveniet nihil assumenda sequi quae. (A/B)?,A/B,Intermediate,A,2,50
684,Nisi voluptatibus rerum. (A/B)?,A/B,Intermediate,B,2,98
685,Aperiam commodi voluptas ducimus. (A/B)?,A/B,Intermediate,A,2,38
686,Consequatur earum mollitia laborum maxime cum hic quas. (A/B)?,A/B,Hard,A,3,9
687,In perferendis ut harum dignissimos dolor. (A/B)?,A/B,Hard,A,3,74
688,Sunt enim nesciunt adipisci ut cum?,Multiple Choice,Intermediate,B,2,61
689,Suscipit distinctio soluta maiores magnam quo quisquam. (A/B)?,A/B,Hard,B,3,83
690,Eius unde inventore culpa. (A/B)?,A/B,Hard,B,3,95
691,Hic minus earum corrupti sunt vel. (A/B)?,A/B,Hard,B,3,61
692,Atque quae totam vero vero possimus ratione ratione. (A/B)?,A/B,Intermediate,A,2,54
693,Aliquid asperiores neque voluptatum iure nihil. (A/B)?,A/B,Easy,B,1,71
694,Velit aliquid eius beatae. (A/B)?,A/B,Hard,A,3,28
695,Similique similique dolor officia consectetur. (A/B)?,A/B,Easy,A,1,69
696,Voluptatum eius veritatis itaque. (A/B)?,A/B,Easy,A,1,74
697,Dolore eos mollitia quam debitis?,Multiple Choice,Easy,A,1,20
698,Eaque beatae iste maxime eos repellat?,Multiple Choice,Hard,C,3,21
699,Illum nulla labore deserunt velit ad magnam?,Multiple Choice,Intermediate,C,2,1
700,Eligendi incidunt consequuntur sint culpa accusantium quod vitae?,Multiple Choice,Easy,B,1,60
701,Optio libero officiis vero corporis veritatis?,Multiple Choice,Hard,D,3,67
702,Hic repellendus consequuntur autem molestias accusamus. (A/B)?,A/B,Intermediate,A,2,59
703,Nobis natus perferendis voluptas ipsam ipsam?,Multiple Choice,Hard,A,3,54
704,Repellendus provident sint omnis aperiam error?,Multiple Choice,Hard,B,3,64
705,Veritatis modi veniam minus?,Multiple Choice,Intermediate,A,2,36
706,Aperiam at totam aut nisi. (A/B)?,A/B,Hard,A,3,80
707,Hic enim fugit voluptas itaque iste. (A/B)?,A/B,Intermediate,B,2,52
708,Illo quia a dolorem deserunt hic vel. (A/B)?,A/B,Intermediate,B,2,39
709,Quas doloremque ea enim. (A/B)?,A/B,Easy,B,1,6
710,Eveniet accusantium nisi nihil impedit. (A/B)?,A/B,Hard,B,3,77
711,Recusandae perspiciatis mollitia ab in vel laborum. (A/B)?,A/B,Easy,A,1,10
712,Quidem earum libero. (A/B)?,A/B,Intermediate,A,2,45
713,Perferendis deleniti eius eveniet similique. (A/B)?,A/B,Easy,A,1,70
714,Minus dolorem quaerat eius cumque soluta. (A/B)?,A/B,Easy,B,1,69
715,Natus deserunt accusantium consequuntur excepturi?,Multiple Choice,Intermediate,B,2,100
716,Voluptatem neque quasi assumenda?,Multiple Choice,Hard,C,3,69
717,Eveniet alias aut aliquam. (A/B)?,A/B,Hard,A,3,33
718,Accusamus laudantium in beatae possimus placeat?,Multiple Choice,Intermediate,C,2,23
719,Accusantium quo perferendis numquam porro quas. (A/B)?,A/B,Hard,B,3,88
720,Inventore laudantium error tenetur repellendus impedit. (A/B)?,A/B,Hard,B,3,92
721,Saepe officia at error rem?,Multiple Choice,Hard,D,3,71
722,Magnam dicta unde quos et nostrum nisi ut. (A/B)?,A/B,Easy,A,1,4
723,Itaque optio eius repellendus. (A/B)?,A/B,Intermediate,B,2,2
724,Iusto odio porro. (A/B)?,A/B,Hard,A,3,32
725,Adipisci esse velit accusamus illum deleniti?,Multiple Choice,Easy,A,1,90
726,Quibusdam deserunt iusto saepe tenetur saepe consequatur. (A/B)?,A/B,Hard,A,3,80
727,Id natus tempora esse tempora expedita magnam. (A/B)?,A/B,Intermediate,B,2,82
728,Placeat officia suscipit voluptas ad eaque delectus. (A/B)?,A/B,Hard,A,3,1
729,In praesentium laudantium. (A/B)?,A/B,Hard,A,3,29
730,Impedit suscipit eligendi?,Multiple Choice,Intermediate,B,2,92
731,Quibusdam cum voluptates quisquam optio?,Multiple Choice,Easy,D,1,54
732,Aliquid tempore maxime illum deserunt. (A/B)?,A/B,Hard,A,3,66
733,Velit at eum quidem sint. (A/B)?,A/B,Hard,A,3,43
734,Libero harum officia ratione placeat error. (A/B)?,A/B,Intermediate,B,2,78
735,Tempore eligendi assumenda rem facere ad. (A/B)?,A/B,Easy,B,1,28
736,Illum facere occaecati recusandae modi?,Multiple Choice,Intermediate,B,2,87
737,Adipisci voluptatibus consequuntur neque repellendus. (A/B)?,A/B,Easy,A,1,6
738,Doloremque in et doloribus aspernatur odio at?,Multiple Choice,Hard,A,3,97
739,Quibusdam nemo laboriosam quis maxime?,Multiple Choice,Easy,B,1,18
740,Incidunt nesciunt quis numquam?,Multiple Choice,Hard,D,3,98
741,Quas provident culpa maxime beatae vitae debitis. (A/B)?,A/B,Easy,B,1,92
742,Cumque voluptates impedit pariatur at atque doloribus?,Multiple Choice,Easy,D,1,45
743,Dolor doloribus architecto deserunt fugiat reprehenderit. (A/B)?,A/B,Intermediate,A,2,23
744,Modi sapiente odio facere voluptate vitae. (A/B)?,A/B,Easy,B,1,19
745,Vero ad aspernatur fugit rem recusandae dignissimos. (A/B)?,A/B,Intermediate,B,2,93
746,Quisquam temporibus aperiam adipisci mollitia. (A/B)?,A/B,Easy,A,1,90
747,Illo excepturi error in consequuntur omnis beatae. (A/B)?,A/B,Intermediate,B,2,47
748,Cupiditate mollitia culpa nihil?,Multiple Choice,Intermediate,C,2,4
749,Ducimus beatae illo velit reiciendis dolores. (A/B)?,A/B,Easy,A,1,4
750,Perspiciatis recusandae numquam iure aperiam quam hic. (A/B)?,A/B,Easy,A,1,39
751,A iste occaecati quo eligendi aliquam sapiente. (A/B)?,A/B,Intermediate,A,2,89
752,Aperiam repellat ut quasi. (A/B)?,A/B,Intermediate,B,2,41
753,Repudiandae numquam cupiditate vitae corporis. (A/B)?,A/B,Hard,A,3,90
754,Temporibus ratione a laborum natus necessitatibus. (A/B)?,A/B,Hard,A,3,47
755,Minus molestiae quos?,Multiple Choice,Easy,C,1,80
756,Illo nemo quidem sint odit nisi?,Multiple Choice,Easy,A,1,63
757,Expedita vel voluptates culpa delectus explicabo. (A/B)?,A/B,Easy,A,1,22
758,Accusamus hic suscipit voluptatum. (A/B)?,A/B,Hard,B,3,15
759,Porro nisi porro sit perferendis modi a fuga?,Multiple Choice,Hard,C,3,39
760,Aut sit unde optio voluptatibus molestias et?,Multiple Choice,Intermediate,B,2,68
761,Inventore at incidunt alias odit?,Multiple Choice,Hard,C,3,18
762,Sint saepe asperiores id quis rem. (A/B)?,A/B,Intermediate,B,2,68
763,Quasi voluptates exercitationem dolore. (A/B)?,A/B,Intermediate,A,2,55
764,Dolores molestiae repellendus dolor eum ipsa inventore?,Multiple Choice,Hard,D,3,73
765,Voluptate iste error culpa quaerat dolorem blanditiis. (A/B)?,A/B,Intermediate,B,2,75
766,Neque laborum facere inventore officiis. (A/B)?,A/B,Intermediate,B,2,35
767,Libero ratione dolorem aliquid?,Multiple Choice,Easy,A,1,100
768,Dolor earum maxime enim tempora?,Multiple Choice,Easy,C,1,73
769,Ad repellat nihil est. (A/B)?,A/B,Intermediate,A,2,82
770,Aut nisi debitis voluptatibus ab sapiente enim. (A/B)?,A/B,Easy,B,1,19
771,Minus qui assumenda voluptatem. (A/B)?,A/B,Hard,A,3,91
772,Enim iure quo aliquam mollitia ipsa nostrum libero?,Multiple Choice,Hard,C,3,7
773,Magni totam hic magnam nostrum sit illo quisquam. (A/B)?,A/B,Easy,B,1,14
774,Cum asperiores ipsa similique deleniti. (A/B)?,A/B,Easy,A,1,20
775,Pariatur a ipsum maxime?,Multiple Choice,Hard,A,3,53
776,Optio ex dolores ipsum a reprehenderit?,Multiple Choice,Intermediate,C,2,58
777,Accusantium deserunt sunt omnis commodi veritatis facilis. (A/B)?,A/B,Hard,A,3,5
778,Qui odio consectetur optio sit?,Multiple Choice,Intermediate,D,2,85
779,Porro voluptates voluptas dolorem. (A/B)?,A/B,Hard,B,3,27
780,Labore architecto ipsam dolores quam ea doloribus. (A/B)?,A/B,Hard,B,3,18
781,Velit deserunt sunt maxime. (A/B)?,A/B,Hard,B,3,75
782,Quae sapiente recusandae fuga ipsum?,Multiple Choice,Easy,C,1,27
783,Nesciunt nihil dolor amet perspiciatis recusandae vero. (A/B)?,A/B,Easy,A,1,42
784,Consequuntur eos cum autem. (A/B)?,A/B,Easy,A,1,69
785,Nostrum assumenda quisquam facilis?,Multiple Choice,Easy,D,1,98
786,Odio harum odio ducimus. (A/B)?,A/B,Hard,A,3,90
787,Minus cupiditate sunt fugiat optio magni. (A/B)?,A/B,Easy,B,1,11
788,Illum sapiente modi. (A/B)?,A/B,Easy,B,1,98
789,Omnis occaecati tenetur dicta enim pariatur. (A/B)?,A/B,Easy,B,1,2
790,Cumque molestiae velit iste voluptates. (A/B)?,A/B,Hard,A,3,12
791,Vitae mollitia doloribus officiis. (A/B)?,A/B,Intermediate,A,2,48
792,A labore asperiores at hic. (A/B)?,A/B,Hard,A,3,31
793,Nam voluptas sunt?,Multiple Choice,Easy,C,1,72
794,Asperiores occaecati provident et vero maiores. (A/B)?,A/B,Easy,B,1,27
795,Iure asperiores aliquid facere. (A/B)?,A/B,Hard,B,3,6
796,Quo velit veritatis impedit dolor explicabo praesentium?,Multiple Choice,Intermediate,C,2,3
797,Tempora quod quia consequuntur est. (A/B)?,A/B,Easy,B,1,46
798,Aliquam unde perferendis voluptatibus?,Multiple Choice,Hard,A,3,75
799,Amet nemo est accusantium repellat itaque. (A/B)?,A/B,Hard,A,3,47
800,Maxime aut illum eligendi tenetur quis quisquam. (A/B)?,A/B,Hard,A,3,8
801,Provident temporibus est ea dolor quos pariatur porro. (A/B)?,A/B,Intermediate,B,2,63
802,Minus id ipsa cumque. (A/B)?,A/B,Hard,B,3,10
803,Eveniet quo doloremque. (A/B)?,A/B,Hard,A,3,54
804,Asperiores eius tenetur laudantium sapiente debitis tenetur?,Multiple Choice,Intermediate,D,2,65
805,Libero sapiente sequi illo laboriosam sunt ipsum. (A/B)?,A/B,Hard,B,3,92
806,Eos at corrupti quo?,Multiple Choice,Intermediate,A,2,12
807,Officia hic modi molestias occaecati corrupti architecto?,Multiple Choice,Intermediate,C,2,48
808,Temporibus adipisci dolores cupiditate vel consectetur?,Multiple Choice,Easy,C,1,26
809,Error ex expedita est eos. (A/B)?,A/B,Intermediate,B,2,30
810,Quos dignissimos itaque cum. (A/B)?,A/B,Intermediate,A,2,46
811,Dolore veritatis commodi dignissimos. (A/B)?,A/B,Hard,A,3,88
812,Quae ex at magni. (A/B)?,A/B,Intermediate,B,2,22
813,Expedita consequatur reiciendis vero aut?,Multiple Choice,Hard,B,3,100
814,Voluptatem animi explicabo sequi est. (A/B)?,A/B,Hard,B,3,97
815,Asperiores officiis amet recusandae fugit dolor. (A/B)?,A/B,Hard,A,3,36
816,Nemo officia consectetur deserunt. (A/B)?,A/B,Easy,B,1,1
817,Velit fugiat minus accusantium ab eaque eos. (A/B)?,A/B,Intermediate,A,2,82
818,Ipsa quo asperiores animi omnis nihil. (A/B)?,A/B,Hard,A,3,82
819,Aut suscipit placeat enim?,Multiple Choice,Easy,D,1,29
820,Laboriosam eligendi eius ratione recusandae praesentium sint. (A/B)?,A/B,Easy,A,1,96
821,Facilis perferendis aliquid architecto. (A/B)?,A/B,Easy,B,1,92
822,Eaque vitae aut nam atque?,Multiple Choice,Hard,A,3,80
823,Officia eaque at error distinctio est tempore. (A/B)?,A/B,Hard,A,3,29
824,Qui explicabo vel. (A/B)?,A/B,Hard,B,3,18
825,Tenetur nostrum nesciunt recusandae officia id dolorem. (A/B)?,A/B,Hard,B,3,77
826,Placeat ducimus molestiae maiores?,Multiple Choice,Intermediate,A,2,43
827,Deserunt quis dolore animi laudantium deserunt. (A/B)?,A/B,Easy,B,1,22
828,Error veniam porro saepe eveniet adipisci laboriosam eum. (A/B)?,A/B,Easy,A,1,22
829,Voluptatum nam corporis provident veniam accusamus atque dicta?,Multiple Choice,Easy,B,1,25
830,Numquam odio dignissimos aperiam corporis neque. (A/B)?,A/B,Hard,B,3,25
831,Deserunt distinctio nihil dolor delectus dignissimos. (A/B)?,A/B,Easy,A,1,4
832,Impedit dicta nostrum molestias. (A/B)?,A/B,Intermediate,A,2,79
833,Soluta mollitia explicabo necessitatibus eligendi atque illum. (A/B)?,A/B,Easy,A,1,88
834,Culpa inventore magni fugiat in dolores. (A/B)?,A/B,Hard,B,3,71
835,Et dolor ex tempora perferendis architecto. (A/B)?,A/B,Intermediate,B,2,59
836,Ducimus placeat voluptates aliquam repellat voluptas?,Multiple Choice,Intermediate,C,2,95
837,Mollitia voluptates quos similique. (A/B)?,A/B,Intermediate,A,2,76
838,Expedita iusto deserunt qui. (A/B)?,A/B,Easy,A,1,9
839,Aut numquam eveniet laborum labore unde. (A/B)?,A/B,Intermediate,B,2,94
840,Quo velit modi maiores dolores sit vero?,Multiple Choice,Easy,C,1,36
841,Esse doloribus perspiciatis commodi necessitatibus sed?,Multiple Choice,Easy,D,1,14
842,Maxime consequatur minima. (A/B)?,A/B,Intermediate,B,2,41
843,Itaque provident delectus dolorem. (A/B)?,A/B,Intermediate,A,2,94
844,Repellat assumenda perferendis quis nobis est. (A/B)?,A/B,Hard,B,3,27
845,Corrupti itaque asperiores ratione architecto. (A/B)?,A/B,Easy,B,1,12
846,Incidunt soluta commodi itaque atque. (A/B)?,A/B,Intermediate,B,2,76
847,Odit sed laudantium sit mollitia aspernatur dolor. (A/B)?,A/B,Easy,B,1,57
848,Voluptate suscipit consectetur. (A/B)?,A/B,Intermediate,B,2,32
849,Magnam quia itaque at provident sunt cupiditate. (A/B)?,A/B,Hard,B,3,70
850,Vel in nobis. (A/B)?,A/B,Intermediate,B,2,60
851,Reiciendis libero ab consequuntur voluptate. (A/B)?,A/B,Intermediate,B,2,44
852,Velit commodi est beatae nobis. (A/B)?,A/B,Intermediate,B,2,24
853,Odit voluptatum eius similique ipsa quas qui?,Multiple Choice,Hard,C,3,38
854,Aperiam hic illo tempora?,Multiple Choice,Hard,B,3,15
855,Odit eveniet sequi tenetur voluptates magni dolorum. (A/B)?,A/B,Hard,A,3,9
856,Sed dolor adipisci temporibus magnam. (A/B)?,A/B,Easy,B,1,43
857,Magnam laudantium nam iure fuga voluptate. (A/B)?,A/B,Intermediate,B,2,22
858,Libero quisquam quasi?,Multiple Choice,Easy,B,1,43
859,Ducimus suscipit reprehenderit sed laboriosam illum delectus. (A/B)?,A/B,Easy,A,1,59
860,Dolore earum nesciunt et ratione eligendi molestiae. (A/B)?,A/B,Intermediate,B,2,17
861,Natus aspernatur at quibusdam itaque accusamus. (A/B)?,A/B,Hard,B,3,40
862,Molestiae alias eos illo pariatur. (A/B)?,A/B,Easy,B,1,78
863,Dolor voluptates vero velit asperiores laboriosam velit?,Multiple Choice,Hard,B,3,64
864,Fugit aspernatur corporis esse. (A/B)?,A/B,Hard,A,3,56
865,Praesentium eius sed ea iure saepe?,Multiple Choice,Easy,A,1,70
866,Quas dolorem error commodi sapiente similique perspiciatis?,Multiple Choice,Intermediate,D,2,4
867,Laboriosam asperiores numquam rem repellendus modi. (A/B)?,A/B,Easy,A,1,14
868,Pariatur porro impedit dignissimos harum totam temporibus?,Multiple Choice,Easy,B,1,15
869,Quidem quam maiores similique voluptas deleniti. (A/B)?,A/B,Hard,A,3,75
870,Fugit possimus labore expedita sed. (A/B)?,A/B,Easy,B,1,53
871,Voluptatibus placeat impedit incidunt?,Multiple Choice,Intermediate,D,2,91
872,Totam inventore beatae eos molestias sequi?,Multiple Choice,Intermediate,D,2,17
873,Soluta provident suscipit et ut saepe. (A/B)?,A/B,Intermediate,A,2,39
874,Qui odit ipsum illo aliquam. (A/B)?,A/B,Hard,B,3,67
875,A error dolor expedita. (A/B)?,A/B,Easy,B,1,93
876,Facere officiis atque praesentium nisi voluptas consequatur. (A/B)?,A/B,Easy,A,1,78
877,Eius ex voluptas eveniet nam?,Multiple Choice,Intermediate,B,2,78
878,Aperiam odio commodi nisi aut error atque alias. (A/B)?,A/B,Hard,A,3,75
879,Nemo iste ut id unde voluptatem. (A/B)?,A/B,Hard,A,3,14
880,Accusantium quibusdam dolorem doloremque odit numquam labore quisquam. (A/B)?,A/B,Easy,A,1,74
881,Mollitia repellat occaecati dignissimos nisi nam?,Multiple Choice,Easy,D,1,18
882,Nobis nisi facilis quos. (A/B)?,A/B,Intermediate,B,2,18
883,Eius tempore odio sequi expedita. (A/B)?,A/B,Easy,B,1,31
884,Quam optio voluptate unde quos beatae?,Multiple Choice,Intermediate,A,2,74
885,Et voluptate iure quia quod alias amet. (A/B)?,A/B,Intermediate,B,2,49
886,Provident modi fugiat nemo excepturi voluptas. (A/B)?,A/B,Easy,A,1,16
887,Itaque iusto corrupti laboriosam iure. (A/B)?,A/B,Intermediate,B,2,59
888,Exercitationem veniam voluptas vitae minus sed sunt eligendi?,Multiple Choice,Hard,A,3,93
889,Deleniti voluptates doloribus perferendis corporis laborum. (A/B)?,A/B,Hard,B,3,85
890,Inventore voluptate eaque vel quidem in assumenda?,Multiple Choice,Hard,B,3,56
891,Doloremque provident libero deleniti temporibus. (A/B)?,A/B,Easy,A,1,69
892,Porro culpa consequatur ipsum?,Multiple Choice,Intermediate,A,2,74
893,Ea voluptatibus mollitia veritatis eos voluptatibus repellendus?,Multiple Choice,Intermediate,D,2,44
894,Aspernatur maiores vel at tenetur recusandae eos at?,Multiple Choice,Easy,B,1,99
895,Beatae inventore officiis quae. (A/B)?,A/B,Hard,B,3,52
896,Fugit possimus quas cum?,Multiple Choice,Easy,A,1,67
897,Inventore delectus at similique ea nesciunt?,Multiple Choice,Hard,D,3,65
898,Cum distinctio quisquam optio esse accusantium. (A/B)?,A/B,Hard,A,3,60
899,Sit deserunt ad eum asperiores fugiat fuga. (A/B)?,A/B,Easy,B,1,94
900,Assumenda sed similique sint earum vel. (A/B)?,A/B,Hard,A,3,7
901,Nam tempora maiores. (A/B)?,A/B,Easy,A,1,54
902,Recusandae labore accusantium placeat ipsam aliquam nulla. (A/B)?,A/B,Intermediate,B,2,68
903,Quibusdam fugit reiciendis ducimus. (A/B)?,A/B,Intermediate,B,2,34
904,Ex esse magni molestiae. (A/B)?,A/B,Intermediate,B,2,97
905,Quae velit dolores et expedita?,Multiple Choice,Easy,D,1,98
906,Iure fugit aliquid esse ullam quas. (A/B)?,A/B,Intermediate,B,2,27
907,Animi odio ullam eaque necessitatibus architecto occaecati?,Multiple Choice,Easy,C,1,27
908,Ratione distinctio ab magnam. (A/B)?,A/B,Easy,A,1,3
909,Error nam commodi atque possimus. (A/B)?,A/B,Hard,A,3,30
910,Eligendi similique quidem optio fugit. (A/B)?,A/B,Easy,A,1,59
911,Fugit explicabo atque consectetur ex odit. (A/B)?,A/B,Hard,A,3,37
912,Dicta dolorem dolor voluptate. (A/B)?,A/B,Easy,B,1,26
913,Dolorem animi reiciendis rem iure voluptatum?,Multiple Choice,Intermediate,C,2,34
914,Sed explicabo dicta dicta laborum. (A/B)?,A/B,Hard,B,3,66
915,Voluptates totam cumque esse laborum facere temporibus?,Multiple Choice,Easy,B,1,10
916,Voluptatibus praesentium autem odio laboriosam necessitatibus. (A/B)?,A/B,Easy,A,1,13
917,Delectus dolore odit quod quae temporibus. (A/B)?,A/B,Hard,B,3,10
918,Voluptatum ipsam consectetur facere ut fugit. (A/B)?,A/B,Easy,A,1,64
919,Ipsam dolorum voluptate. (A/B)?,A/B,Hard,A,3,57
920,Iusto autem quasi facere?,Multiple Choice,Hard,B,3,13
921,Corporis facere facere tempora?,Multiple Choice,Easy,D,1,93
922,Velit repudiandae occaecati nisi illum?,Multiple Choice,Intermediate,A,2,56
923,Similique minima quidem. (A/B)?,A/B,Intermediate,B,2,34
924,Laudantium repellendus accusamus non libero repellendus veniam repellendus. (A/B)?,A/B,Hard,B,3,2
925,Nemo porro laborum ipsam suscipit quam. (A/B)?,A/B,Hard,B,3,58
926,Minus sint veritatis dolore dignissimos minus?,Multiple Choice,Easy,C,1,46
927,Vero perferendis aliquid cum enim nam magnam. (A/B)?,A/B,Intermediate,A,2,58
928,Voluptas voluptatibus laborum in asperiores laboriosam delectus. (A/B)?,A/B,Easy,A,1,80
929,Labore nulla pariatur atque. (A/B)?,A/B,Hard,B,3,53
930,Maxime sequi hic?,Multiple Choice,Hard,D,3,47
931,Temporibus asperiores nam asperiores voluptatibus. (A/B)?,A/B,Hard,B,3,87
932,Odio repellendus pariatur maxime. (A/B)?,A/B,Hard,A,3,82
933,Ea qui eum veritatis?,Multiple Choice,Intermediate,A,2,42
934,Minus tenetur laboriosam quia. (A/B)?,A/B,Intermediate,B,2,16
935,Maxime eum totam autem. (A/B)?,A/B,Hard,B,3,99
936,Vel quae aliquam. (A/B)?,A/B,Intermediate,B,2,97
937,Beatae exercitationem minima numquam commodi. (A/B)?,A/B,Easy,A,1,58
938,Quod delectus totam voluptate maxime. (A/B)?,A/B,Intermediate,B,2,5
939,Quo praesentium repudiandae. (A/B)?,A/B,Intermediate,A,2,74
940,Dolore cum similique magnam laudantium necessitatibus necessitatibus?,Multiple Choice,Hard,B,3,94
941,Optio minus corrupti omnis?,Multiple Choice,Hard,D,3,67
942,Odit eum officiis doloribus sapiente. (A/B)?,A/B,Intermediate,A,2,72
943,Vitae perferendis necessitatibus saepe commodi?,Multiple Choice,Intermediate,B,2,94
944,Sint explicabo necessitatibus suscipit eius similique doloremque. (A/B)?,A/B,Hard,A,3,57
945,Sunt natus id nam voluptatem possimus deserunt. (A/B)?,A/B,Hard,B,3,6
946,Ipsa aperiam odio nemo asperiores?,Multiple Choice,Hard,D,3,3
947,Labore nam quae dolorem. (A/B)?,A/B,Hard,B,3,6
948,Beatae magni incidunt consectetur?,Multiple Choice,Hard,D,3,46
949,Facere nam maiores. (A/B)?,A/B,Easy,B,1,43
950,Tempora quasi fugiat reiciendis eum quidem. (A/B)?,A/B,Intermediate,A,2,65
951,In laudantium mollitia eum?,Multiple Choice,Intermediate,D,2,96
952,Minus dolor voluptatibus enim. (A/B)?,A/B,Intermediate,B,2,36
953,Qui consectetur aliquam cupiditate mollitia omnis possimus sint. (A/B)?,A/B,Easy,A,1,15
954,Veritatis tempora quas officiis eaque nulla. (A/B)?,A/B,Intermediate,A,2,19
955,Odio maiores nihil quidem?,Multiple Choice,Easy,D,1,63
956,Commodi molestiae aliquid?,Multiple Choice,Intermediate,A,2,10
957,Fuga numquam vero nihil quas voluptates. (A/B)?,A/B,Hard,B,3,75
958,Tempora nobis eveniet aliquam. (A/B)?,A/B,Intermediate,A,2,12
959,Voluptatem eligendi excepturi recusandae possimus doloremque. (A/B)?,A/B,Hard,A,3,24
960,Assumenda quam eveniet magnam. (A/B)?,A/B,Hard,A,3,40
961,Assumenda necessitatibus rerum ab neque eius asperiores. (A/B)?,A/B,Easy,B,1,61
962,Id deleniti repellendus ex. (A/B)?,A/B,Easy,A,1,100
963,Accusantium dolorum in cupiditate consectetur fugiat. (A/B)?,A/B,Intermediate,A,2,15
964,Quibusdam eius pariatur ad?,Multiple Choice,Hard,A,3,34
965,Debitis quam eaque quis reprehenderit dolores. (A/B)?,A/B,Hard,B,3,7
966,Aperiam iusto doloribus quidem enim molestiae. (A/B)?,A/B,Intermediate,A,2,75
967,Soluta blanditiis eum dolorum?,Multiple Choice,Intermediate,D,2,60
968,Nobis repudiandae dolorum sequi laudantium nostrum. (A/B)?,A/B,Easy,A,1,53
969,Porro necessitatibus quaerat nemo debitis similique est ducimus. (A/B)?,A/B,Easy,A,1,8
970,Hic hic debitis. (A/B)?,A/B,Hard,A,3,34
971,Accusantium accusantium nemo eos. (A/B)?,A/B,Hard,A,3,33
972,Officia ab pariatur voluptatem enim. (A/B)?,A/B,Hard,B,3,48
973,Nemo ut eos corrupti quidem error. (A/B)?,A/B,Easy,A,1,33
974,Sit ipsam accusamus ipsum provident debitis?,Multiple Choice,Hard,C,3,38
975,Commodi excepturi fugit expedita soluta porro. (A/B)?,A/B,Intermediate,B,2,35
976,Ullam est officiis doloremque impedit doloremque veniam iusto. (A/B)?,A/B,Easy,B,1,66
977,Corrupti aliquam eum?,Multiple Choice,Intermediate,D,2,20
978,Delectus rerum labore praesentium deserunt exercitationem. (A/B)?,A/B,Hard,B,3,89
979,Amet qui esse nulla quo pariatur?,Multiple Choice,Intermediate,A,2,47
980,Enim reprehenderit praesentium necessitatibus totam quasi?,Multiple Choice,Easy,B,1,87
981,Iure quam praesentium atque. (A/B)?,A/B,Hard,B,3,85
982,Ut dolores tempore saepe?,Multiple Choice,Hard,B,3,93
983,Omnis voluptatem modi blanditiis aspernatur. (A/B)?,A/B,Easy,A,1,6
984,Eaque molestias incidunt expedita aperiam odio enim. (A/B)?,A/B,Intermediate,B,2,16
985,Iusto iusto consequuntur saepe est. (A/B)?,A/B,Hard,B,3,48
986,Quos doloremque corrupti modi commodi. (A/B)?,A/B,Hard,B,3,79
987,Maiores magni culpa nostrum. (A/B)?,A/B,Hard,A,3,86
988,Ut adipisci molestiae accusamus exercitationem odit. (A/B)?,A/B,Easy,B,1,25
989,Eius reprehenderit quaerat mollitia iusto odit voluptatibus?,Multiple Choice,Intermediate,C,2,43
990,Ullam esse vero nisi similique tempora labore?,Multiple Choice,Hard,C,3,32
991,Possimus maiores dolor totam ab in nesciunt excepturi. (A/B)?,A/B,Easy,A,1,60
992,Ullam necessitatibus molestiae odio alias. (A/B)?,A/B,Easy,A,1,91
993,Sunt deserunt optio at ipsa pariatur sit. (A/B)?,A/B,Intermediate,A,2,48
994,Ducimus culpa soluta sed. (A/B)?,A/B,Hard,A,3,77
995,Explicabo error dignissimos laboriosam magnam. (A/B)?,A/B,Hard,A,3,17
996,Cum blanditiis vel vel. (A/B)?,A/B,Easy,B,1,84
997,Veritatis delectus velit fugit maiores. (A/B)?,A/B,Easy,B,1,36
998,Omnis at odit voluptas. (A/B)?,A/B,Easy,A,1,48
999,Tenetur sapiente ipsa earum nemo numquam blanditiis. (A/B)?,A/B,Hard,B,3,46
1000,Illum a voluptas excepturi. (A/B)?,A/B,Easy,B,1,44
1001,Nisi reprehenderit cum aspernatur. (A/B)?,A/B,Easy,A,1,15
1002,Commodi voluptas tempora est. (A/B)?,A/B,Hard,B,3,22
1003,Ipsam sapiente perspiciatis error rem temporibus unde. (A/B)?,A/B,Intermediate,A,2,56
1004,Ipsum accusantium omnis quae. (A/B)?,A/B,Intermediate,A,2,42
1005,Tempore eius enim dolorum incidunt quibusdam officiis. (A/B)?,A/B,Hard,B,3,92
1006,Ad aliquid animi autem aliquid ipsum commodi?,Multiple Choice,Easy,C,1,100
1007,Iste quibusdam sapiente. (A/B)?,A/B,Easy,B,1,3
1008,Deleniti harum dolorum laudantium?,Multiple Choice,Easy,C,1,74
1009,Harum impedit alias velit quas non at excepturi?,Multiple Choice,Intermediate,D,2,11
1010,Tempore dignissimos nobis quos itaque quaerat?,Multiple Choice,Hard,D,3,9
1011,Corporis delectus iure sint libero?,Multiple Choice,Hard,C,3,11
1012,Sequi dolorum deleniti officiis modi aliquid. (A/B)?,A/B,Hard,A,3,32
1013,Animi reprehenderit aliquid eum enim nihil blanditiis. (A/B)?,A/B,Easy,A,1,19
1014,Ad voluptatibus nihil nemo dicta neque labore eveniet?,Multiple Choice,Easy,B,1,20
1015,Quisquam nostrum sit vero sint suscipit. (A/B)?,A/B,Easy,B,1,20
1016,Culpa mollitia cumque quod inventore doloribus?,Multiple Choice,Intermediate,D,2,80
1017,Error culpa odit sint tempora modi voluptatem. (A/B)?,A/B,Easy,B,1,77
1018,Laborum illo pariatur laboriosam excepturi nam. (A/B)?,A/B,Hard,B,3,25
1019,Deleniti molestias maiores tenetur adipisci?,Multiple Choice,Easy,A,1,6
1020,Vitae reprehenderit non occaecati praesentium. (A/B)?,A/B,Easy,A,1,63
1021,Eligendi sapiente dolor excepturi?,Multiple Choice,Hard,A,3,86
1022,Dolorem nobis laboriosam debitis?,Multiple Choice,Easy,D,1,37
1023,Nesciunt nemo illo dolorum sunt iure. (A/B)?,A/B,Intermediate,B,2,97
1024,Voluptates quaerat labore sapiente temporibus quae. (A/B)?,A/B,Intermediate,B,2,1
1025,Quo recusandae at. (A/B)?,A/B,Hard,A,3,31
1026,Inventore dicta rem ipsam perspiciatis?,Multiple Choice,Easy,A,1,39
1027,Suscipit earum quod quibusdam. (A/B)?,A/B,Easy,B,1,76
1028,Reprehenderit labore soluta. (A/B)?,A/B,Easy,B,1,63
1029,Numquam reprehenderit hic consequatur ducimus cum. (A/B)?,A/B,Intermediate,A,2,41
1030,Laudantium dolore ab fuga quibusdam?,Multiple Choice,Hard,C,3,54
1031,Sint quidem occaecati maxime ab dolor atque ratione. (A/B)?,A/B,Easy,B,1,44
1032,Quod quis fugiat consequuntur. (A/B)?,A/B,Hard,A,3,72
1033,In sunt nostrum quae aliquam adipisci sit?,Multiple Choice,Hard,C,3,21
1034,Est nisi atque explicabo unde provident. (A/B)?,A/B,Easy,A,1,65
1035,Doloribus tenetur natus sed ad dicta. (A/B)?,A/B,Easy,B,1,7
1036,Labore minima laudantium debitis iste at natus?,Multiple Choice,Easy,A,1,38
1037,At voluptatibus consequatur?,Multiple Choice,Hard,C,3,29
1038,Atque non modi suscipit fugiat quia fugiat omnis. (A/B)?,A/B,Intermediate,A,2,24
1039,Eius mollitia atque reprehenderit possimus molestiae. (A/B)?,A/B,Hard,B,3,10
1040,Eum earum omnis officia dolore totam alias. (A/B)?,A/B,Easy,B,1,56
1041,Similique quo officia vitae qui est alias. (A/B)?,A/B,Intermediate,A,2,72
1042,Facere fugit temporibus esse excepturi voluptatem fugit. (A/B)?,A/B,Intermediate,B,2,75
1043,Adipisci repellendus amet cumque. (A/B)?,A/B,Hard,A,3,39
1044,Dolores tenetur fugit non. (A/B)?,A/B,Intermediate,A,2,98
1045,Hic accusantium tempora consectetur nostrum. (A/B)?,A/B,Intermediate,B,2,86
1046,Similique libero tenetur?,Multiple Choice,Easy,C,1,9
1047,Molestiae impedit quibusdam est?,Multiple Choice,Easy,B,1,91
1048,Natus inventore expedita rem tenetur. (A/B)?,A/B,Easy,A,1,99
1049,Pariatur quod debitis in. (A/B)?,A/B,Hard,A,3,65
1050,Vel quo temporibus. (A/B)?,A/B,Hard,B,3,17
1051,Corrupti dolore modi accusantium assumenda architecto voluptatibus quia. (A/B)?,A/B,Intermediate,A,2,1
1052,Illum fugit vel laudantium incidunt sapiente. (A/B)?,A/B,Intermediate,A,2,14
1053,Nobis iusto libero eos quisquam quo. (A/B)?,A/B,Easy,A,1,65
1054,Inventore commodi nam dolores repudiandae maiores fugiat. (A/B)?,A/B,Intermediate,A,2,80
1055,Expedita error magni consequuntur natus?,Multiple Choice,Hard,B,3,98
1056,Quisquam eligendi voluptate quod. (A/B)?,A/B,Intermediate,A,2,13
1057,Dolorem fuga cumque numquam?,Multiple Choice,Easy,D,1,42
1058,Eos explicabo molestias amet placeat?,Multiple Choice,Intermediate,B,2,5
1059,Voluptatum magni numquam accusantium atque. (A/B)?,A/B,Hard,A,3,48
1060,Quasi voluptas praesentium dignissimos molestiae dolor veniam?,Multiple Choice,Easy,D,1,71
1061,Veritatis cum quasi praesentium. (A/B)?,A/B,Hard,A,3,79
1062,Veritatis officia sequi?,Multiple Choice,Intermediate,D,2,13
1063,Sed excepturi maxime laborum?,Multiple Choice,Hard,A,3,11
1064,Sint doloribus ipsum perspiciatis error?,Multiple Choice,Hard,A,3,4
1065,Numquam tempora quia quis ut minus perspiciatis. (A/B)?,A/B,Hard,A,3,54
1066,Fugit perferendis molestiae beatae quibusdam. (A/B)?,A/B,Intermediate,A,2,39
1067,A expedita voluptates ipsum harum?,Multiple Choice,Easy,D,1,70
1068,Necessitatibus velit eligendi exercitationem?,Multiple Choice,Hard,A,3,55
1069,Maiores similique dignissimos optio voluptatum. (A/B)?,A/B,Hard,A,3,8
1070,Eaque nulla vitae unde veniam. (A/B)?,A/B,Intermediate,B,2,23
1071,Hic fugiat laboriosam ullam iusto reprehenderit. (A/B)?,A/B,Hard,B,3,52
1072,Deleniti repudiandae ducimus fugit optio provident illo. (A/B)?,A/B,Easy,B,1,36
1073,Voluptatum laboriosam voluptates minus exercitationem?,Multiple Choice,Hard,C,3,22
1074,Et accusamus blanditiis voluptatem laborum?,Multiple Choice,Intermediate,C,2,8
1075,Aspernatur dolorem illum dolores ullam inventore. (A/B)?,A/B,Intermediate,B,2,19
1076,Sequi molestias id neque?,Multiple Choice,Intermediate,D,2,61
1077,Modi reiciendis ad veniam. (A/B)?,A/B,Intermediate,A,2,68
1078,Doloremque in ullam in. (A/B)?,A/B,Easy,A,1,79
1079,Laborum ullam assumenda nesciunt pariatur consequatur dolore. (A/B)?,A/B,Intermediate,B,2,8
1080,Atque ut quidem autem autem rem consectetur. (A/B)?,A/B,Intermediate,B,2,28
1081,Vero asperiores omnis reiciendis ut?,Multiple Choice,Easy,A,1,96
1082,Culpa rerum laboriosam velit. (A/B)?,A/B,Intermediate,A,2,85
1083,Corrupti sed harum?,Multiple Choice,Hard,A,3,31
1084,Animi itaque blanditiis temporibus corrupti delectus. (A/B)?,A/B,Easy,B,1,30
1085,Architecto eveniet natus corrupti?,Multiple Choice,Intermediate,C,2,23
1086,Consectetur impedit accusamus pariatur est quod?,Multiple Choice,Easy,D,1,68
1087,Alias nesciunt quam sit iure id quam laudantium. (A/B)?,A/B,Intermediate,A,2,81
1088,Molestias fuga itaque repellat?,Multiple Choice,Easy,D,1,9
1089,Reprehenderit ullam voluptatum quas impedit rem eum?,Multiple Choice,Intermediate,A,2,74
1090,Aspernatur ducimus inventore adipisci vero?,Multiple Choice,Intermediate,D,2,60
1091,Ab culpa nisi labore eos quidem fugiat ipsum?,Multiple Choice,Easy,D,1,81
1092,Soluta deserunt accusantium fugit commodi facilis ratione fuga?,Multiple Choice,Intermediate,A,2,11
1093,Culpa eos quos doloremque perferendis?,Multiple Choice,Easy,C,1,41
1094,Quisquam repellat occaecati delectus eveniet inventore optio?,Multiple Choice,Easy,B,1,47
1095,Accusantium laudantium dolor magni minus dolorum. (A/B)?,A/B,Easy,A,1,72
1096,Quam porro necessitatibus nemo nostrum est sunt soluta?,Multiple Choice,Easy,A,1,73
1097,Omnis dicta sunt debitis?,Multiple Choice,Hard,A,3,68
1098,Expedita ipsum vitae eveniet minus provident cumque modi. (A/B)?,A/B,Easy,A,1,18
1099,Reiciendis eius fugiat?,Multiple Choice,Easy,A,1,19
1100,Ipsam temporibus perspiciatis mollitia?,Multiple Choice,Intermediate,A,2,97
1101,Id dignissimos optio. (A/B)?,A/B,Intermediate,B,2,84
1102,Minus dignissimos minus harum?,Multiple Choice,Easy,A,1,70
1103,Quis tempora soluta aspernatur consequatur. (A/B)?,A/B,Intermediate,A,2,23
1104,Atque corporis in fugit suscipit exercitationem dolorum?,Multiple Choice,Easy,A,1,35
1105,Natus in impedit sunt natus ad. (A/B)?,A/B,Hard,A,3,9
1106,Blanditiis modi quis nulla dignissimos consectetur. (A/B)?,A/B,Intermediate,B,2,57
1107,Nihil nobis pariatur aut. (A/B)?,A/B,Intermediate,B,2,55
1108,Nostrum commodi officiis ab facilis fuga. (A/B)?,A/B,Easy,A,1,66
1109,Occaecati ea eveniet aut quos nam?,Multiple Choice,Easy,B,1,78
1110,Earum asperiores dolorum suscipit. (A/B)?,A/B,Hard,B,3,39
1111,Possimus aspernatur provident perferendis beatae ullam facere. (A/B)?,A/B,Easy,B,1,38
1112,Et porro facere quaerat at pariatur itaque. (A/B)?,A/B,Easy,A,1,58
1113,Repellendus repellendus rerum quia placeat amet illo. (A/B)?,A/B,Hard,A,3,15
1114,Architecto fugiat ipsa illo voluptatem. (A/B)?,A/B,Hard,A,3,58
1115,Alias natus officiis deserunt. (A/B)?,A/B,Easy,A,1,28
1116,Eius voluptas ipsa sit maxime eligendi. (A/B)?,A/B,Hard,B,3,9
1117,Rem impedit molestiae est maxime. (A/B)?,A/B,Intermediate,B,2,57
1118,Quaerat numquam sit nobis corrupti?,Multiple Choice,Intermediate,A,2,98
1119,Rerum rem cumque debitis. (A/B)?,A/B,Hard,B,3,60
1120,Provident doloribus iste dolorum unde fugit. (A/B)?,A/B,Easy,A,1,67
1121,Sint sapiente eius reprehenderit accusamus. (A/B)?,A/B,Easy,A,1,92
1122,Veniam magni rerum repudiandae aliquam suscipit natus eum. (A/B)?,A/B,Intermediate,B,2,22
1123,Cum tempore repellat blanditiis. (A/B)?,A/B,Hard,A,3,73
1124,Illo optio debitis placeat dignissimos maxime. (A/B)?,A/B,Hard,A,3,30
1125,Totam et natus totam possimus?,Multiple Choice,Intermediate,C,2,72
1126,Voluptas accusantium eius. (A/B)?,A/B,Easy,A,1,21
1127,Omnis totam quibusdam voluptates. (A/B)?,A/B,Intermediate,B,2,45
1128,Amet voluptatem nostrum impedit facere ut et?,Multiple Choice,Intermediate,A,2,9
1129,Modi eum excepturi magnam. (A/B)?,A/B,Intermediate,A,2,25
1130,Molestiae autem dicta atque laborum at neque. (A/B)?,A/B,Easy,B,1,34
1131,Dolor cupiditate nostrum modi. (A/B)?,A/B,Intermediate,B,2,88
1132,Dolorem quos non porro minus reiciendis?,Multiple Choice,Hard,C,3,55
1133,Reiciendis cumque deleniti dignissimos praesentium vero iure. (A/B)?,A/B,Hard,B,3,67
1134,Debitis adipisci pariatur adipisci tenetur. (A/B)?,A/B,Easy,A,1,62
1135,Quae modi voluptate quo modi excepturi quis. (A/B)?,A/B,Easy,A,1,2
1136,Blanditiis eum corporis labore vel. (A/B)?,A/B,Intermediate,A,2,96
1137,Non necessitatibus sequi sit deleniti quo culpa animi. (A/B)?,A/B,Easy,B,1,5
1138,Tempore excepturi dolores. (A/B)?,A/B,Easy,A,1,91
1139,Quia illum illum. (A/B)?,A/B,Hard,B,3,40
1140,Facere velit optio sequi facere sapiente. (A/B)?,A/B,Intermediate,B,2,95
1141,Nesciunt laudantium minima magni quas aliquid. (A/B)?,A/B,Easy,B,1,44
1142,Deserunt quisquam sapiente hic optio dignissimos impedit. (A/B)?,A/B,Easy,B,1,74
1143,Excepturi repellat facere libero quis. (A/B)?,A/B,Easy,B,1,21
1144,Accusantium ullam illum. (A/B)?,A/B,Intermediate,B,2,11
1145,Harum officiis corrupti impedit fugit molestiae nulla. (A/B)?,A/B,Intermediate,A,2,55
1146,Reiciendis aliquid quia. (A/B)?,A/B,Hard,B,3,9
1147,A reiciendis illo officia. (A/B)?,A/B,Hard,A,3,28
1148,Saepe aliquid non magnam hic necessitatibus recusandae?,Multiple Choice,Easy,D,1,68
1149,Odit at aspernatur autem. (A/B)?,A/B,Intermediate,B,2,42
1150,A ratione laboriosam a natus. (A/B)?,A/B,Hard,A,3,44
1151,Dolorum consequatur nostrum odit. (A/B)?,A/B,Intermediate,A,2,82
1152,Voluptate exercitationem voluptas doloremque maiores?,Multiple Choice,Easy,B,1,53
1153,Repellendus culpa eaque laboriosam. (A/B)?,A/B,Hard,B,3,32
1154,Sint quos molestiae consectetur sint animi?,Multiple Choice,Intermediate,D,2,76
1155,Distinctio temporibus pariatur beatae in temporibus sunt facilis. (A/B)?,A/B,Easy,A,1,30
1156,Dolorum odit ab aliquam. (A/B)?,A/B,Hard,A,3,100
1157,Asperiores placeat odit quaerat corporis libero impedit. (A/B)?,A/B,Intermediate,A,2,97
1158,Numquam dignissimos suscipit. (A/B)?,A/B,Easy,B,1,14
1159,Molestias commodi quasi reiciendis alias consectetur mollitia. (A/B)?,A/B,Easy,B,1,37
1160,Tempore maxime alias nulla consequuntur. (A/B)?,A/B,Hard,A,3,31
1161,Dignissimos deleniti modi ipsa illum sunt cumque?,Multiple Choice,Hard,D,3,33
1162,Esse rem soluta itaque voluptas nihil?,Multiple Choice,Hard,A,3,69
1163,Debitis ducimus vel est. (A/B)?,A/B,Easy,A,1,57
1164,Magni praesentium reprehenderit quisquam. (A/B)?,A/B,Intermediate,B,2,88
1165,Unde perspiciatis perspiciatis. (A/B)?,A/B,Hard,B,3,40
1166,Unde dolor aliquam dolore veritatis ipsa. (A/B)?,A/B,Intermediate,A,2,49
1167,Aliquid at fugiat explicabo aspernatur voluptate officiis. (A/B)?,A/B,Hard,A,3,32
1168,Commodi modi maxime ea. (A/B)?,A/B,Hard,A,3,23
1169,Quae officia officiis non facere repellat?,Multiple Choice,Hard,D,3,25
1170,Cupiditate excepturi eaque eaque vitae suscipit alias?,Multiple Choice,Intermediate,D,2,88
1171,Quas molestias commodi neque totam magni corporis. (A/B)?,A/B,Easy,B,1,44
1172,Dolore doloremque alias hic quibusdam nobis aliquam consequuntur. (A/B)?,A/B,Easy,A,1,78
1173,Inventore cumque laboriosam impedit ea reprehenderit aliquid?,Multiple Choice,Intermediate,A,2,37
1174,Commodi rem impedit dicta explicabo ex?,Multiple Choice,Intermediate,B,2,48
1175,Ex laudantium facilis ab. (A/B)?,A/B,Easy,A,1,74
1176,Iusto nulla laborum doloremque quisquam dolore cupiditate numquam?,Multiple Choice,Easy,A,1,17
1177,Eaque praesentium minima saepe saepe. (A/B)?,A/B,Hard,A,3,77
1178,Sunt recusandae consequuntur impedit laborum doloribus dolore. (A/B)?,A/B,Intermediate,B,2,32
1179,Excepturi impedit repudiandae?,Multiple Choice,Easy,A,1,11
1180,Omnis perferendis quisquam veritatis rerum ad. (A/B)?,A/B,Intermediate,A,2,36
1181,Tenetur laborum sunt voluptas a inventore. (A/B)?,A/B,Intermediate,B,2,87
1182,Repellendus cum suscipit recusandae illo. (A/B)?,A/B,Easy,B,1,67
1183,Excepturi temporibus et. (A/B)?,A/B,Intermediate,A,2,35
1184,Corrupti repellendus laborum error in. (A/B)?,A/B,Hard,B,3,52
1185,Aliquid reiciendis nulla quae. (A/B)?,A/B,Intermediate,B,2,33
1186,Ut voluptatem placeat quibusdam. (A/B)?,A/B,Easy,B,1,61
1187,Deleniti repudiandae corporis fugiat id recusandae?,Multiple Choice,Intermediate,A,2,50
1188,Optio ipsam voluptas illo officiis in consectetur?,Multiple Choice,Easy,C,1,76
1189,Consequatur voluptate deserunt ratione qui. (A/B)?,A/B,Easy,B,1,28
1190,Aperiam perferendis assumenda beatae. (A/B)?,A/B,Intermediate,B,2,45
1191,Reiciendis maxime aspernatur repudiandae maiores velit ipsa. (A/B)?,A/B,Easy,B,1,73
1192,Aperiam ipsam distinctio. (A/B)?,A/B,Hard,A,3,15
1193,Repellat exercitationem ut beatae porro atque et?,Multiple Choice,Hard,C,3,28
1194,Consequuntur veritatis quae excepturi perferendis atque ducimus?,Multiple Choice,Easy,D,1,5
1195,Ab ut iure. (A/B)?,A/B,Hard,B,3,47
1196,Facilis commodi enim. (A/B)?,A/B,Hard,B,3,20
1197,Cum quae itaque doloremque voluptas modi. (A/B)?,A/B,Intermediate,A,2,96
1198,Amet magni voluptatem libero eos. (A/B)?,A/B,Easy,B,1,21
1199,Blanditiis aut consequuntur sit sint vel quaerat?,Multiple Choice,Hard,B,3,45
1200,Suscipit voluptatem culpa voluptatum consectetur recusandae?,Multiple Choice,Easy,A,1,96
